target,mjd,time_iso,telescope,band,file,dt
WXT J031644+08316,61017.59738425926,2025-12-08T14:20:14.000,TNOT,r,/home/liangrd/optical_data/WXT J031644+08316/TNOT/WXTJ031644+08d316_TNOT_20251208T142014_rp_10X150S_STACK_APT.fits,1.2063773148111068
1RXSJ052540.6+425139,61017.61638888889,2025-12-08T14:47:36.000,TNOT,r,/home/liangrd/optical_data/1RXSJ052540.6+425139/TNOT/RXSJ052540_6+425139_TNOT_20251208T144736_rp_7X150S_STACK_APT.fits,1.90708333333896
WXT J001838+115903,61022.63054398148,2025-12-13T15:07:59.000,TNOT,r,/home/liangrd/optical_data/WXT J001838+115903/TNOT/WXT J001838+115903_001838+115902_FLI_rp_BIN1_300S_UTC20251213_150759_-71C_proc_wcs.fits,0.7935416666659876
WXT J001838+115903,61022.63054398148,2025-12-13T15:07:59.000,TNOT,r,/home/liangrd/optical_data/WXT J001838+115903/TNOT/stack_WXT_J001838+115903_rp_wcs.fits,0.7935416666659876
EP251214a,61023.8966087963,2025-12-14T21:31:07.000,TNOT,r,/home/liangrd/optical_data/EP251214a/TNOT/EP20251214a_091646+210311_FLI_rp_BIN1_300S_UTC20251214_213107_-71C_proc_wcs.fits,0.0
EP J0619.5+0602,61028.679560185185,2025-12-19T16:18:34.000,TNOT,r,/home/liangrd/optical_data/EP J0619.5+0602/TNOT/stack_EPJ0619.5+0606_rp_wcs.fits,1.323171296295186
EP251222a,61031.71467592593,2025-12-22T17:09:08.000,TNOT,r,/home/liangrd/optical_data/EP251222a/TNOT/TNOT_EP251222a_20251222_170908.fits,0.07710648148349719
EP251222a,61032.650775462964,2025-12-23T15:37:07.000,TNOT,r,/home/liangrd/optical_data/EP251222a/TNOT/TNOT_EP251222a_20251223_153707.fits,1.0132060185205773
EP251222a,61032.650775462964,2025-12-23T15:37:07.000,TNOT,r,/home/liangrd/optical_data/EP251222a/TNOT/stack_EP251222a_rp_wcs.fits,1.0132060185205773
EP251229a,61038.92672974537,2025-12-29T22:14:29.450,LCO,w,/home/liangrd/optical_data/EP251229a/LCO/tfn1m014-fa05-20251229-0115-e91.fits.fz,0.09421817129623378
EP251229a,61038.930501006944,2025-12-29T22:19:55.287,LCO,w,/home/liangrd/optical_data/EP251229a/LCO/tfn1m014-fa05-20251229-0116-e91.fits.fz,0.09798943287023576
EP251229a,61039.000456828704,2025-12-30T00:00:39.470,LCO,w,/home/liangrd/optical_data/EP251229a/LCO/tfn1m014-fa05-20251229-0149-e91.fits.fz,0.1679452546304674
EP251229a,61039.004225069446,2025-12-30T00:06:05.046,LCO,w,/home/liangrd/optical_data/EP251229a/LCO/tfn1m014-fa05-20251229-0150-e91.fits.fz,0.17171349537238711
EP251229a,61039.21722002315,2025-12-30T05:12:47.810,LCO,w,/home/liangrd/optical_data/EP251229a/LCO/tfn1m014-fa05-20251229-0247-e91.fits.fz,0.3847084490771522
EP251229a,61039.22101226852,2025-12-30T05:18:15.460,LCO,w,/home/liangrd/optical_data/EP251229a/LCO/tfn1m014-fa05-20251229-0248-e91.fits.fz,0.38850069444742985
EP251221a,61040.715682870374,2025-12-31T17:10:35.000,TNOT,r,/home/liangrd/optical_data/EP251221a/TNOT/stack_EP251221a_rp_wcs.fits,9.813530092593282
EP251221a,61040.715682870374,2025-12-31T17:10:35.000,TNOT,r,/home/liangrd/optical_data/EP251221a/TNOT/TNOT_EP251221a_20251231_171035.fits,9.813530092593282
EP260105a,61045.3148603125,2026-01-05T07:33:23.931,LCO,w,/home/liangrd/optical_data/EP260105a/LCO/elp1m008-fa16-20260104-0062-e91.fits.fz,0.07145753472286742
EP260105a,61045.31863072917,2026-01-05T07:38:49.695,LCO,w,/home/liangrd/optical_data/EP260105a/LCO/elp1m008-fa16-20260104-0063-e91.fits.fz,0.07522795139084337
EP260105a,61045.72467354167,2026-01-05T17:23:31.794,LCO,w,/home/liangrd/optical_data/EP260105a/LCO/coj1m003-fa19-20260105-0124-e91.fits.fz,0.48127076389209833
EP260105a,61045.72844583333,2026-01-05T17:28:57.720,LCO,w,/home/liangrd/optical_data/EP260105a/LCO/coj1m003-fa19-20260105-0125-e91.fits.fz,0.4850430555525236
EP260105a,61045.94350548611,2026-01-05T22:38:38.874,sitian,g,/home/liangrd/optical_data/EP260105a/sitian/2026-01-05_EP260105a_g_com_1.wcs.fits,0.7001027083315421
WXT J030902+581637,61049.62894675926,2026-01-09T15:05:41.000,TNOT,r,/home/liangrd/optical_data/WXT J030902+581637/TNOT/stack_WXT_J030902+581637_rp_wcs.fits,1.1060532407427672
EP251222a,61057.2966087963,2026-01-17T07:07:07.000,sitian,g,/home/liangrd/optical_data/EP251222a/sitian/2025-12-27_EP251222a_g_com_10.wcs.fits,25.659039351856336
EP251222a,61057.29829861111,2026-01-17T07:09:33.000,sitian,g,/home/liangrd/optical_data/EP251222a/sitian/2025-12-28_EP251222a_g_com_10.wcs.fits,25.660729166665988
EP251222a,61057.304872685185,2026-01-17T07:19:01.000,sitian,g,/home/liangrd/optical_data/EP251222a/sitian/2025-12-29_EP251222a_g_com_5.wcs.fits,25.667303240741603
EP260101a,61057.43033564815,2026-01-17T10:19:41.000,sitian,g,/home/liangrd/optical_data/EP260101a/sitian/2026-01-03_EP260101a_g_com_3.wcs.fits,16.15554398148379
EP260104a,61057.503796296296,2026-01-17T12:05:28.000,sitian,g,/home/liangrd/optical_data/EP260104a/sitian/2026-01-05_EP260104a_g_com_9.wcs.fits,13.069259259260434
EP260104a,61057.50560185185,2026-01-17T12:08:04.000,sitian,g,/home/liangrd/optical_data/EP260104a/sitian/2026-01-06_EP260104a_g_com_10.wcs.fits,13.071064814816054
EP260105a,61057.50560185185,2026-01-17T12:08:04.000,sitian,g,/home/liangrd/optical_data/EP260105a/sitian/2026-01-06_EP260105a_g_com_10.wcs.fits,12.262199074073578
EP260104a,61057.50927083333,2026-01-17T12:13:21.000,sitian,g,/home/liangrd/optical_data/EP260104a/sitian/2026-01-07_EP260104a_g_com_10.wcs.fits,13.074733796296641
EP260101a,61057.512557870374,2026-01-17T12:18:05.000,sitian,g,/home/liangrd/optical_data/EP260101a/sitian/2026-01-08_EP260101a_g_com_10.wcs.fits,16.237766203710635
EP260105b,61057.52116898148,2026-01-17T12:30:29.000,sitian,g,/home/liangrd/optical_data/EP260105b/sitian/2026-01-10_EP260105b_g_com_3.wcs.fits,11.738113425926713
EP260110a,61057.53225694445,2026-01-17T12:46:27.000,sitian,g,/home/liangrd/optical_data/EP260110a/sitian/2026-01-11_EP260110a_g_com_10.wcs.fits,7.033379629632691
EP260104a,61057.55550925926,2026-01-17T13:19:56.000,sitian,g,/home/liangrd/optical_data/EP260104a/sitian/2026-01-12_EP260104a_g_com_10.wcs.fits,13.120972222226555
EP260105a,61057.55550925926,2026-01-17T13:19:56.000,sitian,g,/home/liangrd/optical_data/EP260105a/sitian/2026-01-12_EP260105a_g_com_10.wcs.fits,12.31210648148408
EP260110a,61057.55648148148,2026-01-17T13:21:20.000,sitian,g,/home/liangrd/optical_data/EP260110a/sitian/2026-01-12_EP260110a_g_com_10.wcs.fits,7.057604166664532
EP260101a,61057.583645833336,2026-01-17T14:00:27.000,sitian,g,/home/liangrd/optical_data/EP260101a/sitian/2026-01-13_EP260101a_g_com_10.wcs.fits,16.308854166672972
EP260101a,61057.601006944446,2026-01-17T14:25:27.000,sitian,g,/home/liangrd/optical_data/EP260101a/sitian/2026-01-15_EP260101a_g_com_10.wcs.fits,16.326215277782467
EP251221a,61057.621157407404,2026-01-17T14:54:28.000,sitian,g,/home/liangrd/optical_data/EP251221a/sitian/2026-01-16_EP251221a_g_com_10.wcs.fits,26.71900462962367
EP260104a,61059.35228615741,2026-01-19T08:27:17.524,LCO,w,/home/liangrd/optical_data/EP260104a/LCO/lsc1m004-fa03-20260118-0186-e91.fits.fz,14.917749120373628
EP260104a,61059.35605912037,2026-01-19T08:32:43.508,LCO,w,/home/liangrd/optical_data/EP260104a/LCO/lsc1m004-fa03-20260118-0187-e91.fits.fz,14.92152208333573
EP260104a,61059.3598315162,2026-01-19T08:38:09.443,LCO,w,/home/liangrd/optical_data/EP260104a/LCO/lsc1m004-fa03-20260118-0188-e91.fits.fz,14.925294479166041
EP260105a,61059.362824965276,2026-01-19T08:42:28.077,LCO,w,/home/liangrd/optical_data/EP260105a/LCO/elp1m006-fa11-20260118-0273-e91.fits.fz,14.119422187497548
EP260105a,61059.36659564815,2026-01-19T08:47:53.864,LCO,w,/home/liangrd/optical_data/EP260105a/LCO/elp1m006-fa11-20260118-0274-e91.fits.fz,14.123192870370985
EP260105a,61059.37036677083,2026-01-19T08:53:19.689,LCO,w,/home/liangrd/optical_data/EP260105a/LCO/elp1m006-fa11-20260118-0275-e91.fits.fz,14.126963993054233
EP260105b,61059.44919190972,2026-01-19T10:46:50.181,LCO,w,/home/liangrd/optical_data/EP260105b/LCO/elp1m006-fa11-20260118-0348-e91.fits.fz,13.666136354164337
EP260105b,61059.452962048614,2026-01-19T10:52:15.921,LCO,w,/home/liangrd/optical_data/EP260105b/LCO/elp1m006-fa11-20260118-0349-e91.fits.fz,13.669906493058079
EP260105b,61059.45834084491,2026-01-19T11:00:00.649,LCO,w,/home/liangrd/optical_data/EP260105b/LCO/elp1m006-fa11-20260118-0350-e91.fits.fz,13.675285289355088
EP260110a,61059.45834084491,2026-01-19T11:00:00.649,LCO,w,/home/liangrd/optical_data/EP260110a/LCO/elp1m006-fa11-20260118-0350-e91.fits.fz,8.9594635300964
EP260110a,61059.4621121875,2026-01-19T11:05:26.493,LCO,w,/home/liangrd/optical_data/EP260110a/LCO/elp1m006-fa11-20260118-0351-e91.fits.fz,8.96323487268819
EP251229a,61059.46501064815,2026-01-19T11:09:36.920,LCO,w,/home/liangrd/optical_data/EP251229a/LCO/elp1m008-fa16-20260118-0316-e91.fits.fz,20.632499074075895
EP260110a,61059.46588239583,2026-01-19T11:10:52.239,LCO,w,/home/liangrd/optical_data/EP260110a/LCO/elp1m006-fa11-20260118-0352-e91.fits.fz,8.967005081016396
EP251229a,61059.46887945602,2026-01-19T11:15:11.185,LCO,w,/home/liangrd/optical_data/EP251229a/LCO/elp1m008-fa16-20260118-0317-e91.fits.fz,20.63636788194708
EP251229a,61059.472747280095,2026-01-19T11:20:45.365,LCO,w,/home/liangrd/optical_data/EP251229a/LCO/elp1m008-fa16-20260118-0318-e91.fits.fz,20.640235706021485
EP260116a,61059.84900122685,2026-01-19T20:22:33.706,LCO,w,/home/liangrd/optical_data/EP260116a/LCO/cpt1m013-fa01-20260119-0117-e91_wcs.fits.fz,3.83023965277971
EP260116a,61059.85277175926,2026-01-19T20:27:59.480,LCO,w,/home/liangrd/optical_data/EP260116a/LCO/cpt1m013-fa01-20260119-0118-e91_wcs.fits.fz,3.8340101851863437
EP260116a,61059.85654388889,2026-01-19T20:33:25.392,LCO,w,/home/liangrd/optical_data/EP260116a/LCO/cpt1m013-fa01-20260119-0119-e91_wcs.fits.fz,3.837782314818469
EP251221a,61060.47069444445,2026-01-20T11:17:48.000,sitian,g,/home/liangrd/optical_data/EP251221a/sitian/2026-01-17_EP251221a_g_com_10.wcs.fits,29.568541666667443
EP260110a,61060.9803125,2026-01-20T23:31:39.000,sitian,g,/home/liangrd/optical_data/EP260110a/sitian/2026-01-20_EP260110a_g_com_9.wcs.fits,10.481435185189184
EP260116a,61061.567559027775,2026-01-21T13:37:17.100,LCO,r,/home/liangrd/optical_data/EP260116a/LCO/coj2m002-ep07-20260121-0094-e91.fits.fz,5.5487974537027185
EP260116a,61061.56755917824,2026-01-21T13:37:17.113,LCO,z,/home/liangrd/optical_data/EP260116a/LCO/coj2m002-ep09-20260121-0078-e91.fits.fz,5.548797604169522
EP260116a,61061.567559247684,2026-01-21T13:37:17.119,LCO,i,/home/liangrd/optical_data/EP260116a/LCO/coj2m002-ep08-20260121-0093-e91.fits.fz,5.548797673611261
EP260116a,61061.56755969908,2026-01-21T13:37:17.158,LCO,g,/home/liangrd/optical_data/EP260116a/LCO/coj2m002-ep06-20260121-0093-e91.fits.fz,5.548798125004396
EP260116a,61061.57153353009,2026-01-21T13:43:00.497,LCO,z,/home/liangrd/optical_data/EP260116a/LCO/coj2m002-ep09-20260121-0079-e91.fits.fz,5.552771956019569
EP260116a,61061.57153364583,2026-01-21T13:43:00.507,LCO,g,/home/liangrd/optical_data/EP260116a/LCO/coj2m002-ep06-20260121-0094-e91.fits.fz,5.552772071758227
EP260116a,61061.57153375,2026-01-21T13:43:00.516,LCO,i,/home/liangrd/optical_data/EP260116a/LCO/coj2m002-ep08-20260121-0094-e91.fits.fz,5.552772175928112
EP260116a,61061.571533842594,2026-01-21T13:43:00.524,LCO,r,/home/liangrd/optical_data/EP260116a/LCO/coj2m002-ep07-20260121-0095-e91.fits.fz,5.552772268521949
EP260116a,61061.575507361114,2026-01-21T13:48:43.836,LCO,z,/home/liangrd/optical_data/EP260116a/LCO/coj2m002-ep09-20260121-0080-e91.fits.fz,5.5567457870420185
EP260116a,61061.57550753472,2026-01-21T13:48:43.851,LCO,g,/home/liangrd/optical_data/EP260116a/LCO/coj2m002-ep06-20260121-0095-e91.fits.fz,5.556745960646367
EP260116a,61061.575507546295,2026-01-21T13:48:43.852,LCO,i,/home/liangrd/optical_data/EP260116a/LCO/coj2m002-ep08-20260121-0095-e91.fits.fz,5.556745972222416
EP260116a,61061.57550771991,2026-01-21T13:48:43.867,LCO,r,/home/liangrd/optical_data/EP260116a/LCO/coj2m002-ep07-20260121-0096-e91.fits.fz,5.55674614583404
EP260116a,61061.579470543984,2026-01-21T13:54:26.255,LCO,z,/home/liangrd/optical_data/EP260116a/LCO/coj2m002-ep09-20260121-0081-e91.fits.fz,5.560708969911502
EP260116a,61061.5794706713,2026-01-21T13:54:26.266,LCO,r,/home/liangrd/optical_data/EP260116a/LCO/coj2m002-ep07-20260121-0097-e91.fits.fz,5.5607090972262085
EP260116a,61061.57947068287,2026-01-21T13:54:26.267,LCO,g,/home/liangrd/optical_data/EP260116a/LCO/coj2m002-ep06-20260121-0096-e91.fits.fz,5.560709108794981
EP260116a,61061.57947068287,2026-01-21T13:54:26.267,LCO,i,/home/liangrd/optical_data/EP260116a/LCO/coj2m002-ep08-20260121-0096-e91.fits.fz,5.560709108794981
EP260116a,61061.58344336806,2026-01-21T14:00:09.507,LCO,z,/home/liangrd/optical_data/EP260116a/LCO/coj2m002-ep09-20260121-0082-e91.fits.fz,5.5646817939850735
EP260116a,61061.58344351852,2026-01-21T14:00:09.520,LCO,g,/home/liangrd/optical_data/EP260116a/LCO/coj2m002-ep06-20260121-0097-e91.fits.fz,5.564681944444601
EP260116a,61061.58344357639,2026-01-21T14:00:09.525,LCO,r,/home/liangrd/optical_data/EP260116a/LCO/coj2m002-ep07-20260121-0098-e91.fits.fz,5.564682002317568
EP260116a,61061.58344390046,2026-01-21T14:00:09.553,LCO,i,/home/liangrd/optical_data/EP260116a/LCO/coj2m002-ep08-20260121-0097-e91.fits.fz,5.56468232638872
EP260116a,61061.58740621528,2026-01-21T14:05:51.897,LCO,z,/home/liangrd/optical_data/EP260116a/LCO/coj2m002-ep09-20260121-0083-e91.fits.fz,5.5686446412073565
EP260116a,61061.58740653935,2026-01-21T14:05:51.925,LCO,g,/home/liangrd/optical_data/EP260116a/LCO/coj2m002-ep06-20260121-0098-e91.fits.fz,5.568644965278509
EP260116a,61061.587406782404,2026-01-21T14:05:51.946,LCO,i,/home/liangrd/optical_data/EP260116a/LCO/coj2m002-ep08-20260121-0098-e91.fits.fz,5.568645208331873
EP260116a,61061.587406990744,2026-01-21T14:05:51.964,LCO,r,/home/liangrd/optical_data/EP260116a/LCO/coj2m002-ep07-20260121-0099-e91.fits.fz,5.568645416671643
EP260101a,61061.667708333334,2026-01-21T16:01:30.000,sitian,g,/home/liangrd/optical_data/EP260101a/sitian/2026-01-21_EP260101a_g_com_10.wcs.fits,20.392916666671226
EP251229a,61061.667708333334,2026-01-21T16:01:30.000,sitian,g,/home/liangrd/optical_data/EP251229a/sitian/2026-01-21_EP251229a_g_com_10.wcs.fits,22.835196759260725
EP260101a,61061.81428240741,2026-01-21T19:32:34.000,sitian,g,/home/liangrd/optical_data/EP260101a/sitian/2026-01-21_EP260101a_g_com_9.wcs.fits,20.53949074074626
EP260105b,61062.214049027774,2026-01-22T05:08:13.836,LCO,w,/home/liangrd/optical_data/EP260105b/LCO/lsc1m005-fa15-20260121-0215-e91.fits.fz,16.430993472218688
EP260105b,61062.21782037037,2026-01-22T05:13:39.680,LCO,w,/home/liangrd/optical_data/EP260105b/LCO/lsc1m005-fa15-20260121-0216-e91.fits.fz,16.434764814817754
EP260105b,61062.221594386574,2026-01-22T05:19:05.755,LCO,w,/home/liangrd/optical_data/EP260105b/LCO/lsc1m005-fa15-20260121-0217-e91.fits.fz,16.438538831018377
EP260104a,61062.26486497685,2026-01-22T06:21:24.334,LCO,w,/home/liangrd/optical_data/EP260104a/LCO/lsc1m005-fa15-20260121-0242-e91.fits.fz,17.830327939816925
EP260104a,61062.26864025463,2026-01-22T06:26:50.518,LCO,w,/home/liangrd/optical_data/EP260104a/LCO/lsc1m005-fa15-20260121-0243-e91.fits.fz,17.83410321759584
EP260104a,61062.27241125,2026-01-22T06:32:16.332,LCO,w,/home/liangrd/optical_data/EP260104a/LCO/lsc1m005-fa15-20260121-0244-e91.fits.fz,17.83787421296438
EP251229a,61062.647141203706,2026-01-22T15:31:53.000,sitian,g,/home/liangrd/optical_data/EP251229a/sitian/2026-01-22_EP251229a_g_com_9.wcs.fits,23.81462962963269
EP260101a,61062.647141203706,2026-01-22T15:31:53.000,sitian,g,/home/liangrd/optical_data/EP260101a/sitian/2026-01-22_EP260101a_g_com_9.wcs.fits,21.372349537043192
EP251229a,61062.81420138889,2026-01-22T19:32:27.000,sitian,g,/home/liangrd/optical_data/EP251229a/sitian/2026-01-22_EP251229a_g_com_10.wcs.fits,23.981689814812853
EP260101a,61062.81420138889,2026-01-22T19:32:27.000,sitian,g,/home/liangrd/optical_data/EP260101a/sitian/2026-01-22_EP260101a_g_com_10.wcs.fits,21.539409722223354
EP260105a,61062.939421296294,2026-01-22T22:32:46.000,sitian,g,/home/liangrd/optical_data/EP260105a/sitian/2026-01-22_EP260105a_g_com_10.wcs.fits,17.69601851851621
EP260110a,61062.980578703704,2026-01-22T23:32:02.000,sitian,g,/home/liangrd/optical_data/EP260110a/sitian/2026-01-22_EP260110a_g_com_10.wcs.fits,12.481701388889633
EP251229a,61063.04746226852,2026-01-23T01:08:20.740,LCO,w,/home/liangrd/optical_data/EP251229a/LCO/tfn1m001-fa20-20260122-0254-e91.fits.fz,24.214950694447907
EP251229a,61063.051235150466,2026-01-23T01:13:46.717,LCO,w,/home/liangrd/optical_data/EP251229a/LCO/tfn1m001-fa20-20260122-0255-e91.fits.fz,24.21872357639222
EP251229a,61063.05500797454,2026-01-23T01:19:12.689,LCO,w,/home/liangrd/optical_data/EP251229a/LCO/tfn1m001-fa20-20260122-0256-e91.fits.fz,24.22249640046357
EP260110a,61063.0693112963,2026-01-23T01:39:48.496,LCO,w,/home/liangrd/optical_data/EP260110a/LCO/tfn1m014-fa05-20260122-0238-e91.fits.fz,12.570433981483802
EP260110a,61063.073081759256,2026-01-23T01:45:14.264,LCO,w,/home/liangrd/optical_data/EP260110a/LCO/tfn1m014-fa05-20260122-0239-e91.fits.fz,12.57420444444142
EP260110a,61063.076850983794,2026-01-23T01:50:39.925,LCO,w,/home/liangrd/optical_data/EP260110a/LCO/tfn1m014-fa05-20260122-0240-e91.fits.fz,12.577973668980121
EP260105b,61063.73075231481,2026-01-23T17:32:17.000,sitian,g,/home/liangrd/optical_data/EP260105b/sitian/2026-01-23_EP260105b_g_com_10.wcs.fits,17.94769675925636
EP260116a,61063.73076388889,2026-01-23T17:32:18.000,sitian,g,/home/liangrd/optical_data/EP260116a/sitian/2026-01-23_EP260116a_g_com_10.wcs.fits,7.7120023148163455
EP260101a,61064.95037201389,2026-01-24T22:48:32.142,LCO,w,/home/liangrd/optical_data/EP260101a/LCO/tfn1m014-fa05-20260124-0154-e91.fits.fz,23.67558034722606
EP260101a,61064.95414188658,2026-01-24T22:53:57.859,LCO,w,/home/liangrd/optical_data/EP260101a/LCO/tfn1m014-fa05-20260124-0155-e91.fits.fz,23.67935021991434
EP260101a,61064.957910729165,2026-01-24T22:59:23.487,LCO,w,/home/liangrd/optical_data/EP260101a/LCO/tfn1m014-fa05-20260124-0156-e91.fits.fz,23.683119062501646
EP260105b,61064.96237603009,2026-01-24T23:05:49.289,LCO,w,/home/liangrd/optical_data/EP260105b/LCO/cpt1m013-fa01-20260124-0219-e91.fits.fz,19.179320474533597
EP260105b,61064.96616837963,2026-01-24T23:11:16.948,LCO,w,/home/liangrd/optical_data/EP260105b/LCO/cpt1m013-fa01-20260124-0220-e91.fits.fz,19.18311282407376
EP260105b,61064.96993706019,2026-01-24T23:16:42.562,LCO,w,/home/liangrd/optical_data/EP260105b/LCO/cpt1m013-fa01-20260124-0221-e91.fits.fz,19.186881504632765
EP260104a,61065.071701203706,2026-01-25T01:43:14.984,LCO,w,/home/liangrd/optical_data/EP260104a/LCO/tfn1m014-fa05-20260124-0264-e91.fits.fz,20.637164166670118
EP260104a,61065.07547130787,2026-01-25T01:48:40.721,LCO,w,/home/liangrd/optical_data/EP260104a/LCO/tfn1m014-fa05-20260124-0265-e91.fits.fz,20.640934270835714
EP260104a,61065.07924327546,2026-01-25T01:54:06.619,LCO,w,/home/liangrd/optical_data/EP260104a/LCO/tfn1m014-fa05-20260124-0266-e91.fits.fz,20.644706238424988
EP260110a,61065.17742295139,2026-01-25T04:15:29.343,LCO,w,/home/liangrd/optical_data/EP260110a/LCO/tfn1m014-fa05-20260124-0328-e91.fits.fz,14.678545636576018
EP260110a,61065.181193206015,2026-01-25T04:20:55.093,LCO,w,/home/liangrd/optical_data/EP260110a/LCO/tfn1m014-fa05-20260124-0329-e91.fits.fz,14.682315891201142
EP260110a,61065.1849627662,2026-01-25T04:26:20.783,LCO,w,/home/liangrd/optical_data/EP260110a/LCO/tfn1m014-fa05-20260124-0330-e91.fits.fz,14.686085451387044
EP251229a,61065.21497238426,2026-01-25T05:09:33.614,LCO,w,/home/liangrd/optical_data/EP251229a/LCO/tfn1m014-fa05-20260124-0357-e91.fits.fz,26.382460810185876
EP251229a,61065.21874287037,2026-01-25T05:14:59.384,LCO,w,/home/liangrd/optical_data/EP251229a/LCO/tfn1m014-fa05-20260124-0358-e91.fits.fz,26.38623129629559
EP251229a,61065.22251225694,2026-01-25T05:20:25.059,LCO,w,/home/liangrd/optical_data/EP251229a/LCO/tfn1m014-fa05-20260124-0359-e91.fits.fz,26.390000682869868
EP260105a,61065.84325856442,2026-01-25T20:14:17.540,WHUT,i,/home/liangrd/optical_data/EP260105a/WHUT/EP260105a_20260125_0001_i_wcs.fits,20.599855786640546
EP260105a,61065.854647939515,2026-01-25T20:30:41.582,WHUT,i,/home/liangrd/optical_data/EP260105a/WHUT/EP260105a_20260125_0002_i_wcs.fits,20.611245161737315
EP260105a,61065.866722856306,2026-01-25T20:48:04.855,WHUT,i,/home/liangrd/optical_data/EP260105a/WHUT/EP260105a_20260125_0003_i_wcs.fits,20.623320078528195
EP260105a,61065.877273094615,2026-01-25T21:03:16.395,WHUT,i,/home/liangrd/optical_data/EP260105a/WHUT/EP260105a_20260125_0004_i_wcs.fits,20.633870316836692
EP260105a,61065.887833010325,2026-01-25T21:18:28.772,WHUT,i,/home/liangrd/optical_data/EP260105a/WHUT/EP260105a_20260125_0005_i_wcs.fits,20.644430232547165
EP260105a,61065.898387716516,2026-01-25T21:33:40.699,WHUT,i,/home/liangrd/optical_data/EP260105a/WHUT/EP260105a_20260125_0006_i_wcs.fits,20.65498493873747
EP260105a,61065.90885012869,2026-01-25T21:48:44.651,WHUT,i,/home/liangrd/optical_data/EP260105a/WHUT/EP260105a_20260125_0007_i_wcs.fits,20.665447350911563
EP260105a,61065.919326713854,2026-01-25T22:03:49.828,WHUT,i,/home/liangrd/optical_data/EP260105a/WHUT/EP260105a_20260125_0008_i_wcs.fits,20.675923936076288
EP260105a,61065.92992065081,2026-01-25T22:19:05.144,WHUT,i,/home/liangrd/optical_data/EP260105a/WHUT/EP260105a_20260125_0009_i_wcs.fits,20.686517873029516
EP260105a,61065.941433473476,2026-01-25T22:35:39.852,WHUT,i,/home/liangrd/optical_data/EP260105a/WHUT/EP260105a_20260125_0010_i_wcs.fits,20.698030695697526
EP260105a,61065.9527342143,2026-01-25T22:51:56.236,WHUT,i,/home/liangrd/optical_data/EP260105a/WHUT/EP260105a_20260125_0011_i_wcs.fits,20.709331436519278
EP260105a,61065.96361117108,2026-01-25T23:07:36.005,WHUT,i,/home/liangrd/optical_data/EP260105a/WHUT/EP260105a_20260125_0012_i_wcs.fits,20.72020839330071
EP260105b,61067.95414026621,2026-01-27T22:53:57.719,LCO,w,/home/liangrd/optical_data/EP260105b/LCO/cpt1m012-fa06-20260127-0180-e91.fits.fz,22.171084710651485
EP260105b,61067.95791443287,2026-01-27T22:59:23.807,LCO,w,/home/liangrd/optical_data/EP260105b/LCO/cpt1m012-fa06-20260127-0181-e91.fits.fz,22.174858877311635
EP260105b,61067.96168814815,2026-01-27T23:04:49.856,LCO,w,/home/liangrd/optical_data/EP260105b/LCO/cpt1m012-fa06-20260127-0182-e91.fits.fz,22.178632592593203
EP251229a,61068.10870537037,2026-01-28T02:36:32.144,LCO,w,/home/liangrd/optical_data/EP251229a/LCO/elp1m008-fa16-20260127-0073-e91.fits.fz,29.276193796293228
EP251229a,61068.11248,2026-01-28T02:41:58.272,LCO,w,/home/liangrd/optical_data/EP251229a/LCO/elp1m008-fa16-20260127-0074-e91.fits.fz,29.279968425929837
EP251229a,61068.11625096065,2026-01-28T02:47:24.083,LCO,w,/home/liangrd/optical_data/EP251229a/LCO/elp1m008-fa16-20260127-0075-e91.fits.fz,29.28373938657751
EP260104a,61068.24871778935,2026-01-28T05:58:09.217,LCO,w,/home/liangrd/optical_data/EP260104a/LCO/lsc1m009-fa04-20260127-0633-e91.fits.fz,23.814180752313405
EP260104a,61068.252559699074,2026-01-28T06:03:41.158,LCO,w,/home/liangrd/optical_data/EP260104a/LCO/lsc1m009-fa04-20260127-0634-e91.fits.fz,23.818022662038857
EP260104a,61068.25634400463,2026-01-28T06:09:08.122,LCO,w,/home/liangrd/optical_data/EP260104a/LCO/lsc1m009-fa04-20260127-0635-e91.fits.fz,23.821806967593147
EP260128a,61069.188516863425,2026-01-29T04:31:27.857,LCO,w,/home/liangrd/optical_data/EP260128a/LCO/lsc1m004-fa03-20260128-0134-e91_wcs.fits,0.20241732638532994
EP260110a,61069.338159722225,2026-01-29T08:06:57.000,sitian,g,/home/liangrd/optical_data/EP260110a/sitian/2026-01-26_EP260110a_g_com_10.wcs.fits,18.839282407410792
EP260116a,61069.341828703706,2026-01-29T08:12:14.000,sitian,g,/home/liangrd/optical_data/EP260116a/sitian/2026-01-27_EP260116a_g_com_10.wcs.fits,13.323067129633273
EP260110a,61070.050405821756,2026-01-30T01:12:35.063,LCO,w,/home/liangrd/optical_data/EP260110a/LCO/tfn1m014-fa05-20260129-0279-e91.fits.fz,19.551528506941395
EP260110a,61070.054176377314,2026-01-30T01:18:00.839,LCO,w,/home/liangrd/optical_data/EP260110a/LCO/tfn1m014-fa05-20260129-0280-e91.fits.fz,19.555299062500126
EP260110a,61070.057945532404,2026-01-30T01:23:26.494,LCO,w,/home/liangrd/optical_data/EP260110a/LCO/tfn1m014-fa05-20260129-0281-e91.fits.fz,19.55906821758981
EP260101a,61070.94170858796,2026-01-30T22:36:03.622,LCO,w,/home/liangrd/optical_data/EP260101a/LCO/tfn1m001-fa20-20260130-0217-e91.fits.fz,29.666916921298252
EP260101a,61070.94548166667,2026-01-30T22:41:29.616,LCO,w,/home/liangrd/optical_data/EP260101a/LCO/tfn1m001-fa20-20260130-0218-e91.fits.fz,29.67069000000629
EP260105b,61070.94600355324,2026-01-30T22:42:14.707,LCO,w,/home/liangrd/optical_data/EP260105b/LCO/cpt1m013-fa01-20260130-0174-e91.fits.fz,25.16294799768366
EP260101a,61070.94926837963,2026-01-30T22:46:56.788,LCO,w,/home/liangrd/optical_data/EP260101a/LCO/tfn1m001-fa20-20260130-0219-e91.fits.fz,29.67447671296395
EP260105b,61070.94977320602,2026-01-30T22:47:40.405,LCO,w,/home/liangrd/optical_data/EP260105b/LCO/cpt1m013-fa01-20260130-0175-e91.fits.fz,25.166717650463397
EP260105b,61070.95354393518,2026-01-30T22:53:06.196,LCO,w,/home/liangrd/optical_data/EP260105b/LCO/cpt1m013-fa01-20260130-0176-e91.fits.fz,25.170488379626477
EP260104a,61071.005187511575,2026-01-31T00:07:28.201,LCO,w,/home/liangrd/optical_data/EP260104a/LCO/cpt1m013-fa01-20260130-0217-e91.fits.fz,26.570650474539434
EP260104a,61071.00896175926,2026-01-31T00:12:54.296,LCO,w,/home/liangrd/optical_data/EP260104a/LCO/cpt1m013-fa01-20260130-0218-e91.fits.fz,26.57442472222465
EP260104a,61071.012732118055,2026-01-31T00:18:20.055,LCO,w,/home/liangrd/optical_data/EP260104a/LCO/cpt1m013-fa01-20260130-0219-e91.fits.fz,26.578195081019658
EP260131a,61071.182941782405,2026-01-31T04:23:26.170,SOAR,i,/home/liangrd/optical_data/EP260131a/SOAR/cutout_Liang/EP260131a_20260211_stack_i_wcs.fits.fits,0.03612465277547017
EP260131a,61071.182941782405,2026-01-31T04:23:26.170,NOT,UNKNOWN,/home/liangrd/optical_data/EP260131a/NOT/EP260131a_stack_r.fits,0.03612465277547017
EP260131a,61071.195130277774,2026-01-31T04:40:59.256,NOT,UNKNOWN,/home/liangrd/optical_data/EP260131a/NOT/EP260131a_stack_z.fits,0.04831314814509824
EP260131a,61071.303792893515,2026-01-31T07:17:27.706,VLT,UNKNOWN,/home/liangrd/optical_data/EP260131a/VLT/stack_r.fits,0.15697576388629386
EP260131a,61071.30665423611,2026-01-31T07:21:34.926,VLT,UNKNOWN,/home/liangrd/optical_data/EP260131a/VLT/stack_g.fits,0.15983710648288252
EP260131a,61071.30947414352,2026-01-31T07:25:38.566,VLT,z,/home/liangrd/optical_data/EP260131a/VLT/stack_z_frg.fits,0.1626570138905663
EP260131a,61071.34597474537,2026-01-31T08:18:12.218,LCO,r,/home/liangrd/optical_data/EP260131a/LCO/ogg2m001-ep02-20260130-0092-e91_wcs.fits.fz,0.19915761573793134
EP260131a,61071.34597494213,2026-01-31T08:18:12.235,LCO,i,/home/liangrd/optical_data/EP260131a/LCO/ogg2m001-ep03-20260130-0087-e91_wcs.fits.fz,0.1991578125016531
EP260131a,61071.345975034725,2026-01-31T08:18:12.243,LCO,z,/home/liangrd/optical_data/EP260131a/LCO/ogg2m001-ep05-20260130-0087-e91_wcs.fits.fz,0.1991579050954897
EP260131a,61071.34597508102,2026-01-31T08:18:12.247,LCO,g,/home/liangrd/optical_data/EP260131a/LCO/ogg2m001-ep04-20260130-0087-e91_wcs.fits.fz,0.199157951392408
EP260131a,61071.349949166666,2026-01-31T08:23:55.608,LCO,g,/home/liangrd/optical_data/EP260131a/LCO/ogg2m001-ep04-20260130-0088-e91_wcs.fits.fz,0.203132037036994
EP260131a,61071.34994961805,2026-01-31T08:23:55.647,LCO,i,/home/liangrd/optical_data/EP260131a/LCO/ogg2m001-ep03-20260130-0088-e91_wcs.fits.fz,0.20313248842285248
EP260131a,61071.349949675925,2026-01-31T08:23:55.652,LCO,r,/home/liangrd/optical_data/EP260131a/LCO/ogg2m001-ep02-20260130-0093-e91_wcs.fits.fz,0.20313254629581934
EP260131a,61071.34994972222,2026-01-31T08:23:55.656,LCO,z,/home/liangrd/optical_data/EP260131a/LCO/ogg2m001-ep05-20260130-0088-e91_wcs.fits.fz,0.20313259259273764
EP260131a,61071.353923125,2026-01-31T08:29:38.958,LCO,z,/home/liangrd/optical_data/EP260131a/LCO/ogg2m001-ep05-20260130-0089-e91_wcs.fits.fz,0.20710599537414964
EP260131a,61071.35392366898,2026-01-31T08:29:39.005,LCO,i,/home/liangrd/optical_data/EP260131a/LCO/ogg2m001-ep03-20260130-0089-e91_wcs.fits.fz,0.2071065393538447
EP260131a,61071.35392396991,2026-01-31T08:29:39.031,LCO,r,/home/liangrd/optical_data/EP260131a/LCO/ogg2m001-ep02-20260130-0094-e91_wcs.fits.fz,0.20710684028017567
EP260131a,61071.3539240625,2026-01-31T08:29:39.039,LCO,g,/home/liangrd/optical_data/EP260131a/LCO/ogg2m001-ep04-20260130-0089-e91_wcs.fits.fz,0.20710693287401227
EP260131a,61071.357897766204,2026-01-31T08:35:22.367,LCO,i,/home/liangrd/optical_data/EP260131a/LCO/ogg2m001-ep03-20260130-0090-e91_wcs.fits.fz,0.21108063657447929
EP260131a,61071.357897835645,2026-01-31T08:35:22.373,LCO,g,/home/liangrd/optical_data/EP260131a/LCO/ogg2m001-ep04-20260130-0090-e91_wcs.fits.fz,0.21108070601621876
EP260131a,61071.35789818287,2026-01-31T08:35:22.403,LCO,z,/home/liangrd/optical_data/EP260131a/LCO/ogg2m001-ep05-20260130-0090-e91_wcs.fits.fz,0.21108105323946802
EP260131a,61071.35789869213,2026-01-31T08:35:22.447,LCO,r,/home/liangrd/optical_data/EP260131a/LCO/ogg2m001-ep02-20260130-0095-e91_wcs.fits.fz,0.21108156249829335
EP260131a,61071.55130038194,2026-01-31T13:13:52.353,LCO,r,/home/liangrd/optical_data/EP260131a/LCO/ogg2m001-ep02-20260130-0416-e91_wcs.fits.fz,0.404483252314094
EP260131a,61071.551300555555,2026-01-31T13:13:52.368,LCO,g,/home/liangrd/optical_data/EP260131a/LCO/ogg2m001-ep04-20260130-0270-e91_wcs.fits.fz,0.4044834259257186
EP260131a,61071.5513009375,2026-01-31T13:13:52.401,LCO,z,/home/liangrd/optical_data/EP260131a/LCO/ogg2m001-ep05-20260130-0298-e91_wcs.fits.fz,0.4044838078698376
EP260131a,61071.55130121528,2026-01-31T13:13:52.425,LCO,i,/home/liangrd/optical_data/EP260131a/LCO/ogg2m001-ep03-20260130-0446-e91_wcs.fits.fz,0.4044840856513474
EP260131a,61071.555274398146,2026-01-31T13:19:35.708,LCO,z,/home/liangrd/optical_data/EP260131a/LCO/ogg2m001-ep05-20260130-0299-e91_wcs.fits.fz,0.40845726851694053
EP260131a,61071.55527460648,2026-01-31T13:19:35.726,LCO,r,/home/liangrd/optical_data/EP260131a/LCO/ogg2m001-ep02-20260130-0417-e91_wcs.fits.fz,0.4084574768494349
EP260131a,61071.555275046296,2026-01-31T13:19:35.764,LCO,g,/home/liangrd/optical_data/EP260131a/LCO/ogg2m001-ep04-20260130-0271-e91_wcs.fits.fz,0.40845791666652076
EP260131a,61071.55527546296,2026-01-31T13:19:35.800,LCO,i,/home/liangrd/optical_data/EP260131a/LCO/ogg2m001-ep03-20260130-0447-e91_wcs.fits.fz,0.4084583333315095
EP260131a,61071.55924884259,2026-01-31T13:25:19.100,LCO,r,/home/liangrd/optical_data/EP260131a/LCO/ogg2m001-ep02-20260130-0418-e91_wcs.fits.fz,0.41243171296082437
EP260131a,61071.559249224534,2026-01-31T13:25:19.133,LCO,g,/home/liangrd/optical_data/EP260131a/LCO/ogg2m001-ep04-20260130-0272-e91_wcs.fits.fz,0.41243209490494337
EP260131a,61071.55924934028,2026-01-31T13:25:19.143,LCO,z,/home/liangrd/optical_data/EP260131a/LCO/ogg2m001-ep05-20260130-0300-e91_wcs.fits.fz,0.4124322106508771
EP260131a,61071.55924969907,2026-01-31T13:25:19.174,LCO,i,/home/liangrd/optical_data/EP260131a/LCO/ogg2m001-ep03-20260130-0448-e91_wcs.fits.fz,0.41243256944289897
EP260131a,61071.56322283565,2026-01-31T13:31:02.453,LCO,z,/home/liangrd/optical_data/EP260131a/LCO/ogg2m001-ep05-20260130-0301-e91_wcs.fits.fz,0.41640570601884974
EP260131a,61071.563223032404,2026-01-31T13:31:02.470,LCO,g,/home/liangrd/optical_data/EP260131a/LCO/ogg2m001-ep04-20260130-0273-e91_wcs.fits.fz,0.41640590277529554
EP260131a,61071.56322311343,2026-01-31T13:31:02.477,LCO,i,/home/liangrd/optical_data/EP260131a/LCO/ogg2m001-ep03-20260130-0449-e91_wcs.fits.fz,0.41640598380035954
EP260131a,61071.56322361111,2026-01-31T13:31:02.520,LCO,r,/home/liangrd/optical_data/EP260131a/LCO/ogg2m001-ep02-20260130-0419-e91_wcs.fits.fz,0.4164064814831363
EP260131a,61071.73657407407,2026-01-31T17:40:40.000,TNOT,r,/home/liangrd/optical_data/EP260131a/TNOT/stack_EP260131a_rp_wcs.fits,0.5897569444423425
EP260110a,61071.88727696568,2026-01-31T21:17:40.730,WHUT,i,/home/liangrd/optical_data/EP260110a/WHUT/EP260110a_20260131_0001_i_wcs.fits,21.38839965086663
EP260110a,61071.88871839333,2026-01-31T21:19:45.269,WHUT,i,/home/liangrd/optical_data/EP260110a/WHUT/EP260110a_20260131_0002_i_wcs.fits,21.389841078518657
EP260110a,61071.89016001139,2026-01-31T21:21:49.825,WHUT,i,/home/liangrd/optical_data/EP260110a/WHUT/EP260110a_20260131_0003_i_wcs.fits,21.391282696575217
EP260110a,61071.891602658914,2026-01-31T21:23:54.470,WHUT,i,/home/liangrd/optical_data/EP260110a/WHUT/EP260110a_20260131_0004_i_wcs.fits,21.392725344099745
EP260110a,61071.89304510231,2026-01-31T21:25:59.097,WHUT,i,/home/liangrd/optical_data/EP260110a/WHUT/EP260110a_20260131_0005_i_wcs.fits,21.39416778749728
EP260128a,61072.208852083335,2026-02-01T05:00:44.820,LCO,w,/home/liangrd/optical_data/EP260128a/LCO/elp1m008-fa16-20260131-0165-e91.fits.fz,3.2227525462949416
EP260128a,61072.212622534724,2026-02-01T05:06:10.587,LCO,w,/home/liangrd/optical_data/EP260128a/LCO/elp1m008-fa16-20260131-0166-e91.fits.fz,3.2265229976837873
EP260126a,61073.02633542824,2026-02-02T00:37:55.381,LCO,w,/home/liangrd/optical_data/EP260126a/LCO/tfn1m001-fa20-20260201-0193-e91.fits.fz,6.883349317133252
EP260126a,61073.030110381944,2026-02-02T00:43:21.537,LCO,w,/home/liangrd/optical_data/EP260126a/LCO/tfn1m001-fa20-20260201-0194-e91.fits.fz,6.887124270833738
EP260126a,61078.58567145382,2026-02-07T14:03:22.014,WHUT,i,/home/liangrd/optical_data/EP260126a/WHUT/EP260126a_20260207_0001_i_wcs.fits,12.442685342706682
EP260126a,61078.587109283624,2026-02-07T14:05:26.242,WHUT,i,/home/liangrd/optical_data/EP260126a/WHUT/EP260126a_20260207_0002_i_wcs.fits,12.444123172514082
EP260126a,61078.58855793535,2026-02-07T14:07:31.406,WHUT,i,/home/liangrd/optical_data/EP260126a/WHUT/EP260126a_20260207_0003_i_wcs.fits,12.445571824238868
EP260126a,61078.58999663148,2026-02-07T14:09:35.709,WHUT,i,/home/liangrd/optical_data/EP260126a/WHUT/EP260126a_20260207_0004_i_wcs.fits,12.447010520372714
EP260126a,61078.59143596979,2026-02-07T14:11:40.068,WHUT,i,/home/liangrd/optical_data/EP260126a/WHUT/EP260126a_20260207_0005_i_wcs.fits,12.44844985868258
EP260110a,61079.93907407407,2026-02-08T22:32:16.000,sitian,g,/home/liangrd/optical_data/EP260110a/sitian/2026-02-08_EP260110a_g_com_9.wcs.fits,29.44019675925665
EP260209a,61081.85591435185,2026-02-10T20:32:31.000,sitian,g,/home/liangrd/optical_data/EP260209a/sitian/2026-02-10_EP260209a_g_com_10.wcs.fits,1.283622685186856
EP260110a,61081.93939814815,2026-02-10T22:32:44.000,sitian,g,/home/liangrd/optical_data/EP260110a/sitian/2026-02-10_EP260110a_g_com_9.wcs.fits,31.44052083333372
EP260131a,61082.29130966435,2026-02-11T06:59:29.155,SOAR,r,/home/liangrd/optical_data/EP260131a/SOAR/cutout_Liang/ep260131a.r-SDSS.61082.29130966435.fits,11.144492534724122
EP260131a,61082.29130966435,2026-02-11T06:59:29.155,SOAR,r,/home/liangrd/optical_data/EP260131a/SOAR/cutout_Liang/EP260131a_20260211_stack_r_wcs.fits.fits,11.144492534724122
EP260131a,61082.29130966435,2026-02-11T06:59:29.155,SOAR,r,/home/liangrd/optical_data/EP260131a/SOAR/ep260131a.r-SDSS.61082.29130966435.fits,11.144492534724122
EP260131a,61082.29492050926,2026-02-11T07:04:41.132,SOAR,r,/home/liangrd/optical_data/EP260131a/SOAR/cutout_Liang/ep260131a.r-SDSS.61082.29492050926.fits,11.148103379629902
EP260131a,61082.29492050926,2026-02-11T07:04:41.132,SOAR,r,/home/liangrd/optical_data/EP260131a/SOAR/ep260131a.r-SDSS.61082.29492050926.fits,11.148103379629902
EP260131a,61082.29853071759,2026-02-11T07:09:53.054,SOAR,r,/home/liangrd/optical_data/EP260131a/SOAR/ep260131a.r-SDSS.61082.29853071759.fits,11.15171358796215
EP260131a,61082.29853071759,2026-02-11T07:09:53.054,SOAR,r,/home/liangrd/optical_data/EP260131a/SOAR/cutout_Liang/ep260131a.r-SDSS.61082.29853071759.fits,11.15171358796215
EP260131a,61082.30214167824,2026-02-11T07:15:05.041,SOAR,r,/home/liangrd/optical_data/EP260131a/SOAR/cutout_Liang/ep260131a.r-SDSS.61082.30214167824.fits,11.155324548613862
EP260131a,61082.30214167824,2026-02-11T07:15:05.041,SOAR,r,/home/liangrd/optical_data/EP260131a/SOAR/ep260131a.r-SDSS.61082.30214167824.fits,11.155324548613862
EP260131a,61082.30575351852,2026-02-11T07:20:17.104,SOAR,r,/home/liangrd/optical_data/EP260131a/SOAR/ep260131a.r-SDSS.61082.30575351852.fits,11.15893638889247
EP260131a,61082.30575351852,2026-02-11T07:20:17.104,SOAR,r,/home/liangrd/optical_data/EP260131a/SOAR/cutout_Liang/SOAR_r_restored.fits,11.15893638889247
EP260131a,61082.30575351852,2026-02-11T07:20:17.104,SOAR,r,/home/liangrd/optical_data/EP260131a/SOAR/cutout_Liang/ep260131a.r-SDSS.61082.30575351852.fits,11.15893638889247
EP260131a,61082.31141592593,2026-02-11T07:28:26.336,SOAR,i,/home/liangrd/optical_data/EP260131a/SOAR/ep260131a.i-SDSS.61082.31141592593.fits,11.164598796298378
EP260131a,61082.31141592593,2026-02-11T07:28:26.336,SOAR,i,/home/liangrd/optical_data/EP260131a/SOAR/cutout_Liang/ep260131a.i-SDSS.61082.31141592593.fits,11.164598796298378
EP260131a,61082.315027847224,2026-02-11T07:33:38.406,SOAR,i,/home/liangrd/optical_data/EP260131a/SOAR/ep260131a.i-SDSS.61082.315027847224.fits,11.168210717594775
EP260131a,61082.315027847224,2026-02-11T07:33:38.406,SOAR,i,/home/liangrd/optical_data/EP260131a/SOAR/cutout_Liang/ep260131a.i-SDSS.61082.315027847224.fits,11.168210717594775
EP260131a,61082.318640798614,2026-02-11T07:38:50.565,SOAR,i,/home/liangrd/optical_data/EP260131a/SOAR/ep260131a.i-SDSS.61082.318640798614.fits,11.171823668984871
EP260131a,61082.318640798614,2026-02-11T07:38:50.565,SOAR,i,/home/liangrd/optical_data/EP260131a/SOAR/cutout_Liang/SOAR_i_restored.fits,11.171823668984871
EP260131a,61082.318640798614,2026-02-11T07:38:50.565,SOAR,i,/home/liangrd/optical_data/EP260131a/SOAR/cutout_Liang/ep260131a.i-SDSS.61082.318640798614.fits,11.171823668984871
EP260131a,61082.32225287037,2026-02-11T07:44:02.648,SOAR,i,/home/liangrd/optical_data/EP260131a/SOAR/cutout_Liang/ep260131a.i-SDSS.61082.32225287037.fits,11.175435740740795
EP260131a,61082.32225287037,2026-02-11T07:44:02.648,SOAR,i,/home/liangrd/optical_data/EP260131a/SOAR/ep260131a.i-SDSS.61082.32225287037.fits,11.175435740740795
EP260131a,61082.32586564815,2026-02-11T07:49:14.792,SOAR,i,/home/liangrd/optical_data/EP260131a/SOAR/ep260131a.i-SDSS.61082.32586564815.fits,11.179048518519267
EP260131a,61082.32586564815,2026-02-11T07:49:14.792,SOAR,i,/home/liangrd/optical_data/EP260131a/SOAR/cutout_Liang/ep260131a.i-SDSS.61082.32586564815.fits,11.179048518519267
EP260126a,61082.60525462963,2026-02-11T14:31:34.000,sitian,g,/home/liangrd/optical_data/EP260126a/sitian/2026-02-11_EP260126a_g_com_10.wcs.fits,16.462268518516794
EP260116a,61082.60525462963,2026-02-11T14:31:34.000,sitian,g,/home/liangrd/optical_data/EP260116a/sitian/2026-02-11_EP260116a_g_com_10.wcs.fits,26.586493055554456
EP260209a,61082.78130787037,2026-02-11T18:45:05.000,TNOT,r,/home/liangrd/optical_data/EP260209a/TNOT/stack_EP260209a_rp_wcs.fits,2.209016203705687
EP260126a,61086.646840277775,2026-02-15T15:31:27.000,sitian,g,/home/liangrd/optical_data/EP260126a/sitian/2026-02-15_EP260126a_g_com_5.wcs.fits,20.503854166665406
EP260116a,61086.64709490741,2026-02-15T15:31:49.000,sitian,g,/home/liangrd/optical_data/EP260116a/sitian/2026-02-15_EP260116a_g_com_10.wcs.fits,30.628333333334012
EP260126a,61086.68884259259,2026-02-15T16:31:56.000,sitian,g,/home/liangrd/optical_data/EP260126a/sitian/2026-02-15_EP260126a_g_com_10.wcs.fits,20.545856481483497
EP260209a,61086.7722337963,2026-02-15T18:32:01.000,sitian,g,/home/liangrd/optical_data/EP260209a/sitian/2026-02-15_EP260209a_g_com_10.wcs.fits,6.199942129635019
EP260131a,61088.1648140625,2026-02-17T03:57:19.935,SOAR,i,/home/liangrd/optical_data/EP260131a/SOAR/cutout_Liang/ep260131a.i-SDSS.stack.crop1000.fits,17.01799693286739
EP260131a,61088.19122890046,2026-02-17T04:35:22.177,SOAR,r,/home/liangrd/optical_data/EP260131a/SOAR/cutout_Liang/ep260131a.r-SDSS.stack.crop1000.fits,17.044411770832085
EP260131a,61091.200324074074,2026-02-20T04:48:28.000,NTT_REDUCED,g,/home/liangrd/optical_data/EP260131a/NTT_REDUCED/EP260131a_g_wcs_ultracam_20260219_bkg_sub/EP260131a_g_wcs_ultracam_20260219_bkg_sub_APT.fits,20.053506944444962
EP260131a,61091.200324074074,2026-02-20T04:48:28.000,NTT_REDUCED,g,/home/liangrd/optical_data/EP260131a/NTT_REDUCED/EP260131a_g_wcs_ultracam_20260219_bkg_sub/EP260131a_g_wcs_ultracam_20260219_bkg_sub_APT.weight.fits,20.053506944444962
EP260131a,61091.200324074074,2026-02-20T04:48:28.000,NTT,g,/home/liangrd/optical_data/EP260131a/NTT/EP260131a_g_wcs_ultracam_20260219_bkg_sub.fits,20.053506944444962
EP260131a,61091.20043981481,2026-02-20T04:48:38.000,NTT_REDUCED,u,/home/liangrd/optical_data/EP260131a/NTT_REDUCED/EP260131a_u_wcs_ultracam_20260219/EP260131a_u_wcs_ultracam_20260219_APT.fits,20.053622685183655
EP260131a,61091.20043981481,2026-02-20T04:48:38.000,NTT_REDUCED,u,/home/liangrd/optical_data/EP260131a/NTT_REDUCED/EP260131a_u_wcs_ultracam_20260219/EP260131a_u_wcs_ultracam_20260219_APT.weight.fits,20.053622685183655
EP260131a,61091.20043981481,2026-02-20T04:48:38.000,NTT,u,/home/liangrd/optical_data/EP260131a/NTT/EP260131a_u_wcs_ultracam_20260219.fits,20.053622685183655
EP260131a,61094.13239583333,2026-02-23T03:10:39.000,NTT,r,/home/liangrd/optical_data/EP260131a/NTT/EP260131a_r_wcs_ultracam_20260222.fits,22.98557870370132
EP260131a,61094.13239583333,2026-02-23T03:10:39.000,NTT_REDUCED,r,/home/liangrd/optical_data/EP260131a/NTT_REDUCED/EP260131a_r_wcs_ultracam_20260222/EP260131a_r_wcs_ultracam_20260222_APT.weight.fits,22.98557870370132
EP260131a,61094.13239583333,2026-02-23T03:10:39.000,NTT_REDUCED,r,/home/liangrd/optical_data/EP260131a/NTT_REDUCED/EP260131a_r_wcs_ultracam_20260222/EP260131a_r_wcs_ultracam_20260222_APT.fits,22.98557870370132
EP260131a,61094.1325,2026-02-23T03:10:48.000,NTT,g,/home/liangrd/optical_data/EP260131a/NTT/EP260131a_g_wcs_ultracam_20260222.fits,22.98568287037051
EP260131a,61094.1325,2026-02-23T03:10:48.000,NTT_REDUCED,g,/home/liangrd/optical_data/EP260131a/NTT_REDUCED/EP260131a_g_wcs_ultracam_20260222/EP260131a_g_wcs_ultracam_20260222_APT.weight.fits,22.98568287037051
EP260131a,61094.1325,2026-02-23T03:10:48.000,NTT_REDUCED,g,/home/liangrd/optical_data/EP260131a/NTT_REDUCED/EP260131a_g_wcs_ultracam_20260222/EP260131a_g_wcs_ultracam_20260222_APT.fits,22.98568287037051
EP260131a,61094.132581018515,2026-02-23T03:10:55.000,NTT,u,/home/liangrd/optical_data/EP260131a/NTT/EP260131a_u_wcs_ultracam_20260222.fits,22.98576388888614
EP260131a,61094.132581018515,2026-02-23T03:10:55.000,NTT_REDUCED,u,/home/liangrd/optical_data/EP260131a/NTT_REDUCED/EP260131a_u_wcs_ultracam_20260222/EP260131a_u_wcs_ultracam_20260222_APT.weight.fits,22.98576388888614
EP260131a,61094.132581018515,2026-02-23T03:10:55.000,NTT_REDUCED,u,/home/liangrd/optical_data/EP260131a/NTT_REDUCED/EP260131a_u_wcs_ultracam_20260222/EP260131a_u_wcs_ultracam_20260222_APT.fits,22.98576388888614
EP260131a,61099.06861483796,2026-02-28T01:38:48.322,SOAR,i,/home/liangrd/optical_data/EP260131a/SOAR/cutout_Liang/EP260131a_20260227_stack_i_wcs.fits.fits,27.921797708331724
EP260131a,61099.06861483796,2026-02-28T01:38:48.322,SOAR,i,/home/liangrd/optical_data/EP260131a/SOAR/r_0276_ep260131a_Feb27_28-02-2026.fits,27.921797708331724
EP260131a,61099.072228275465,2026-02-28T01:44:00.523,SOAR,i,/home/liangrd/optical_data/EP260131a/SOAR/r_0277_ep260131a_Feb27_28-02-2026.fits,27.925411145835824
EP260131a,61099.07584167824,2026-02-28T01:49:12.721,SOAR,i,/home/liangrd/optical_data/EP260131a/SOAR/r_0278_ep260131a_Feb27_28-02-2026.fits,27.92902454861178
EP260131a,61099.07945175926,2026-02-28T01:54:24.632,SOAR,i,/home/liangrd/optical_data/EP260131a/SOAR/r_0279_ep260131a_Feb27_28-02-2026.fits,27.93263462962932
EP260131a,61099.083062858794,2026-02-28T01:59:36.631,SOAR,i,/home/liangrd/optical_data/EP260131a/SOAR/r_0280_ep260131a_Feb27_28-02-2026.fits,27.93624572916451
EP260131a,61099.086749027774,2026-02-28T02:04:55.116,SOAR,i,/home/liangrd/optical_data/EP260131a/SOAR/r_0281_ep260131a_Feb27_28-02-2026.fits,27.939931898145005
EP260131a,61099.09036064815,2026-02-28T02:10:07.160,SOAR,i,/home/liangrd/optical_data/EP260131a/SOAR/r_0282_ep260131a_Feb27_28-02-2026.fits,27.943543518522347
EP260131a,61099.093971689814,2026-02-28T02:15:19.154,SOAR,UNKNOWN,/home/liangrd/optical_data/EP260131a/SOAR/cutout_Liang/SOAR_mode4_restored.fits,27.947154560184572
EP260131a,61099.093971689814,2026-02-28T02:15:19.154,SOAR,i,/home/liangrd/optical_data/EP260131a/SOAR/r_0283_ep260131a_Feb27_28-02-2026.fits,27.947154560184572
EP260210a,61101.650944824476,2026-03-02T15:37:21.633,WHUT,i,/home/liangrd/optical_data/EP260210a/WHUT/EP260210a_20260302_0001_i_wcs.fits,20.218294361511653
EP260210a,61101.65238410635,2026-03-02T15:39:25.987,WHUT,i,/home/liangrd/optical_data/EP260210a/WHUT/EP260210a_20260302_0002_i_wcs.fits,20.21973364338919
EP260210a,61101.65382182092,2026-03-02T15:41:30.205,WHUT,i,/home/liangrd/optical_data/EP260210a/WHUT/EP260210a_20260302_0003_i_wcs.fits,20.2211713579527
EP260210a,61101.655262738655,2026-03-02T15:43:34.701,WHUT,i,/home/liangrd/optical_data/EP260210a/WHUT/EP260210a_20260302_0004_i_wcs.fits,20.222612275691063
EP260210a,61101.65670295267,2026-03-02T15:45:39.135,WHUT,i,/home/liangrd/optical_data/EP260210a/WHUT/EP260210a_20260302_0005_i_wcs.fits,20.224052489706082
EP260213a,61107.738455791936,2026-03-08T17:43:22.580,WHUT,i,/home/liangrd/optical_data/EP260213a/WHUT/EP260213a_20260308_0001_i_wcs.fits,22.90604838453146
EP260213a,61107.73989402692,2026-03-08T17:45:26.844,WHUT,i,/home/liangrd/optical_data/EP260213a/WHUT/EP260213a_20260308_0002_i_wcs.fits,22.90748661951511
EP260213a,61107.74133423354,2026-03-08T17:47:31.278,WHUT,i,/home/liangrd/optical_data/EP260213a/WHUT/EP260213a_20260308_0003_i_wcs.fits,22.90892682613776
EP260213a,61107.7427740672,2026-03-08T17:49:35.679,WHUT,i,/home/liangrd/optical_data/EP260213a/WHUT/EP260213a_20260308_0004_i_wcs.fits,22.910366659794818
EP260213a,61107.74421578755,2026-03-08T17:51:40.244,WHUT,i,/home/liangrd/optical_data/EP260213a/WHUT/EP260213a_20260308_0005_i_wcs.fits,22.911808380144066
EP260213a,61109.64675925926,2026-03-10T15:31:20.000,sitian,g,/home/liangrd/optical_data/EP260213a/sitian/2026-03-10_EP260213a_g_com_6.wcs.fits,24.814351851855463
EP260213a,61109.688888888886,2026-03-10T16:32:00.000,sitian,g,/home/liangrd/optical_data/EP260213a/sitian/2026-03-10_EP260213a_g_com_10.wcs.fits,24.85648148148175
EP260209a,61110.52247685185,2026-03-11T12:32:22.000,sitian,g,/home/liangrd/optical_data/EP260209a/sitian/2026-03-11_EP260209a_g_com_10.wcs.fits,29.950185185189184
EP260223a,61110.6469212963,2026-03-11T15:31:34.000,sitian,g,/home/liangrd/optical_data/EP260223a/sitian/2026-03-11_EP260223a_g_com_9.wcs.fits,16.174386574079108
EP260210a,61111.688680555555,2026-03-12T16:31:42.000,sitian,g,/home/liangrd/optical_data/EP260210a/sitian/2026-03-12_EP260210a_g_com_10.wcs.fits,30.256030092590663
EP260223a,61117.58430555555,2026-03-18T14:01:24.000,sitian,g,/home/liangrd/optical_data/EP260223a/sitian/2026-03-18_EP260223a_g_com_10.wcs.fits,23.11177083333314
EP260131a,61118.55923611111,2026-03-19T13:25:18.000,NTT_REDUCED,r,/home/liangrd/optical_data/EP260131a/NTT_REDUCED/EP260131a_r_wcs_ultracam_20260215/EP260131a_r_wcs_ultracam_20260215_APT.weight.fits,47.412418981482915
EP260131a,61118.55923611111,2026-03-19T13:25:18.000,NTT_REDUCED,r,/home/liangrd/optical_data/EP260131a/NTT_REDUCED/EP260131a_r_wcs_ultracam_20260215/EP260131a_r_wcs_ultracam_20260215_APT.fits,47.412418981482915
EP260131a,61118.55923611111,2026-03-19T13:25:18.000,NTT,r,/home/liangrd/optical_data/EP260131a/NTT/EP260131a_r_wcs_ultracam_20260215.fits,47.412418981482915
EP260131a,61118.56023148148,2026-03-19T13:26:44.000,NTT_REDUCED,u,/home/liangrd/optical_data/EP260131a/NTT_REDUCED/EP260131a_u_wcs_ultracam_20260215_bkg_sub/EP260131a_u_wcs_ultracam_20260215_bkg_sub_APT.weight.fits,47.413414351853135
EP260131a,61118.56023148148,2026-03-19T13:26:44.000,NTT_REDUCED,u,/home/liangrd/optical_data/EP260131a/NTT_REDUCED/EP260131a_u_wcs_ultracam_20260215_bkg_sub/EP260131a_u_wcs_ultracam_20260215_bkg_sub_APT.fits,47.413414351853135
EP260131a,61118.56023148148,2026-03-19T13:26:44.000,NTT,u,/home/liangrd/optical_data/EP260131a/NTT/EP260131a_u_wcs_ultracam_20260215_bkg_sub.fits,47.413414351853135
EP260131a,61118.56285879629,2026-03-19T13:30:31.000,NTT,r,/home/liangrd/optical_data/EP260131a/NTT/EP260131a_r_wcs_ultracam_20260219.fits,47.41604166666366
EP260131a,61118.56285879629,2026-03-19T13:30:31.000,NTT_REDUCED,r,/home/liangrd/optical_data/EP260131a/NTT_REDUCED/EP260131a_r_wcs_ultracam_20260219/EP260131a_r_wcs_ultracam_20260219_APT.fits,47.41604166666366
EP260131a,61118.56285879629,2026-03-19T13:30:31.000,NTT_REDUCED,r,/home/liangrd/optical_data/EP260131a/NTT_REDUCED/EP260131a_r_wcs_ultracam_20260219/EP260131a_r_wcs_ultracam_20260219_APT.weight.fits,47.41604166666366
EP260131a,61118.572546296295,2026-03-19T13:44:28.000,NTT_REDUCED,r,/home/liangrd/optical_data/EP260131a/NTT_REDUCED/EP260131a_r_wcs_ultracam_20260220/EP260131a_r_wcs_ultracam_20260220_APT.weight.fits,47.425729166665406
EP260131a,61118.572546296295,2026-03-19T13:44:28.000,NTT,r,/home/liangrd/optical_data/EP260131a/NTT/EP260131a_r_wcs_ultracam_20260220.fits,47.425729166665406
EP260131a,61118.572546296295,2026-03-19T13:44:28.000,NTT_REDUCED,r,/home/liangrd/optical_data/EP260131a/NTT_REDUCED/EP260131a_r_wcs_ultracam_20260220/EP260131a_r_wcs_ultracam_20260220_APT.fits,47.425729166665406
EP260131a,61118.5740625,2026-03-19T13:46:39.000,NTT_REDUCED,g,/home/liangrd/optical_data/EP260131a/NTT_REDUCED/EP260131a_g_wcs_ultracam_20260220_bkg_sub/EP260131a_g_wcs_ultracam_20260220_bkg_sub_APT.weight.fits,47.427245370374294
EP260131a,61118.5740625,2026-03-19T13:46:39.000,NTT_REDUCED,g,/home/liangrd/optical_data/EP260131a/NTT_REDUCED/EP260131a_g_wcs_ultracam_20260220_bkg_sub/EP260131a_g_wcs_ultracam_20260220_bkg_sub_APT.fits,47.427245370374294
EP260131a,61118.5740625,2026-03-19T13:46:39.000,NTT,g,/home/liangrd/optical_data/EP260131a/NTT/EP260131a_g_wcs_ultracam_20260220_bkg_sub.fits,47.427245370374294
EP260131a,61118.57461805556,2026-03-19T13:47:27.000,NTT_REDUCED,u,/home/liangrd/optical_data/EP260131a/NTT_REDUCED/EP260131a_u_wcs_ultracam_20260220/EP260131a_u_wcs_ultracam_20260220_APT.weight.fits,47.42780092592875
EP260131a,61118.57461805556,2026-03-19T13:47:27.000,NTT_REDUCED,u,/home/liangrd/optical_data/EP260131a/NTT_REDUCED/EP260131a_u_wcs_ultracam_20260220/EP260131a_u_wcs_ultracam_20260220_APT.fits,47.42780092592875
EP260131a,61118.57461805556,2026-03-19T13:47:27.000,NTT,u,/home/liangrd/optical_data/EP260131a/NTT/EP260131a_u_wcs_ultracam_20260220.fits,47.42780092592875
EP260223a,61119.52234953704,2026-03-20T12:32:11.000,sitian,g,/home/liangrd/optical_data/EP260223a/sitian/2026-03-20_EP260223a_g_com_10.wcs.fits,25.04981481481809
EP260321a,61122.56303240741,2026-03-23T13:30:46.000,sitian,g,/home/liangrd/optical_data/EP260321a/sitian/2026-03-23_EP260321a_g_com_3.wcs.fits,2.041990740741312
EP260321a,61126.592398021756,2026-03-27T14:13:03.189,WHUT,g,/home/liangrd/optical_data/EP260321a/WHUT/EP260321a_20260327_0001_g_wcs.fits,6.071356355088938
EP260321a,61126.593837776825,2026-03-27T14:15:07.584,WHUT,g,/home/liangrd/optical_data/EP260321a/WHUT/EP260321a_20260327_0002_g_wcs.fits,6.072796110158379
EP260321a,61126.59527531918,2026-03-27T14:17:11.788,WHUT,g,/home/liangrd/optical_data/EP260321a/WHUT/EP260321a_20260327_0003_g_wcs.fits,6.074233652514522
EP260321a,61126.59671335079,2026-03-27T14:19:16.034,WHUT,g,/home/liangrd/optical_data/EP260321a/WHUT/EP260321a_20260327_0004_g_wcs.fits,6.075671684120607
EP260321a,61126.598150636564,2026-03-27T14:21:20.215,WHUT,g,/home/liangrd/optical_data/EP260321a/WHUT/EP260321a_20260327_0005_g_wcs.fits,6.077108969897381
EP260321a,61126.59983521652,2026-03-27T14:23:45.763,WHUT,r,/home/liangrd/optical_data/EP260321a/WHUT/EP260321a_20260327_0001_r_wcs.fits,6.07879354985198
EP260321a,61126.6012757005,2026-03-27T14:25:50.221,WHUT,r,/home/liangrd/optical_data/EP260321a/WHUT/EP260321a_20260327_0002_r_wcs.fits,6.080234033834131
EP260321a,61126.60271267864,2026-03-27T14:27:54.375,WHUT,r,/home/liangrd/optical_data/EP260321a/WHUT/EP260321a_20260327_0003_r_wcs.fits,6.081671011976141
EP260321a,61126.60415240345,2026-03-27T14:29:58.768,WHUT,r,/home/liangrd/optical_data/EP260321a/WHUT/EP260321a_20260327_0004_r_wcs.fits,6.0831107367848745
EP260321a,61126.60558830745,2026-03-27T14:32:02.830,WHUT,r,/home/liangrd/optical_data/EP260321a/WHUT/EP260321a_20260327_0005_r_wcs.fits,6.084546640784538
EP260321a,61126.60728420066,2026-03-27T14:34:29.355,WHUT,i,/home/liangrd/optical_data/EP260321a/WHUT/EP260321a_20260327_0001_i_wcs.fits,6.086242533994664
EP260321a,61126.608726605635,2026-03-27T14:36:33.979,WHUT,i,/home/liangrd/optical_data/EP260321a/WHUT/EP260321a_20260327_0002_i_wcs.fits,6.087684938967868
EP260321a,61126.610174403795,2026-03-27T14:38:39.068,WHUT,i,/home/liangrd/optical_data/EP260321a/WHUT/EP260321a_20260327_0003_i_wcs.fits,6.089132737128239
EP260321a,61126.6116129311,2026-03-27T14:40:43.357,WHUT,i,/home/liangrd/optical_data/EP260321a/WHUT/EP260321a_20260327_0004_i_wcs.fits,6.090571264430764
EP260321a,61126.613052475084,2026-03-27T14:42:47.734,WHUT,i,/home/liangrd/optical_data/EP260321a/WHUT/EP260321a_20260327_0005_i_wcs.fits,6.092010808417399
EP260324a,61126.628093460706,2026-03-27T15:04:27.275,WHUT,g,/home/liangrd/optical_data/EP260324a/WHUT/EP260324a_20260327_0001_g_wcs.fits,3.3334175347772543
EP260324a,61126.6295308989,2026-03-27T15:06:31.470,WHUT,g,/home/liangrd/optical_data/EP260324a/WHUT/EP260324a_20260327_0002_g_wcs.fits,3.3348549729707884
EP260324a,61126.63096780769,2026-03-27T15:08:35.619,WHUT,g,/home/liangrd/optical_data/EP260324a/WHUT/EP260324a_20260327_0003_g_wcs.fits,3.3362918817583704
EP260324a,61126.63240718869,2026-03-27T15:10:39.981,WHUT,g,/home/liangrd/optical_data/EP260324a/WHUT/EP260324a_20260327_0004_g_wcs.fits,3.3377312627635547
EP260324a,61126.63384482121,2026-03-27T15:12:44.193,WHUT,g,/home/liangrd/optical_data/EP260324a/WHUT/EP260324a_20260327_0005_g_wcs.fits,3.3391688952833647
EP260324a,61126.63535555967,2026-03-27T15:14:54.720,WHUT,g,/home/liangrd/optical_data/EP260324a/WHUT/EP260324a_20260327_0006_g_wcs.fits,3.340679633744003
EP260324a,61126.63609776448,2026-03-27T15:15:58.847,WHUT,g,/home/liangrd/optical_data/EP260324a/WHUT/EP260324a_20260327_0007_g_wcs.fits,3.3414218385514687
EP260324a,61126.63785685439,2026-03-27T15:18:30.832,WHUT,r,/home/liangrd/optical_data/EP260324a/WHUT/EP260324a_20260327_0001_r_wcs.fits,3.343180928459333
EP260324a,61126.6392953714,2026-03-27T15:20:35.120,WHUT,r,/home/liangrd/optical_data/EP260324a/WHUT/EP260324a_20260327_0002_r_wcs.fits,3.344619445473654
EP260324a,61126.6407330947,2026-03-27T15:22:39.339,WHUT,r,/home/liangrd/optical_data/EP260324a/WHUT/EP260324a_20260327_0003_r_wcs.fits,3.3460571687683114
EP260324a,61126.6421704858,2026-03-27T15:24:43.530,WHUT,r,/home/liangrd/optical_data/EP260324a/WHUT/EP260324a_20260327_0004_r_wcs.fits,3.3474945598718477
EP260324a,61126.643611723666,2026-03-27T15:26:48.053,WHUT,r,/home/liangrd/optical_data/EP260324a/WHUT/EP260324a_20260327_0005_r_wcs.fits,3.348935797737795
EP260324a,61126.64512961333,2026-03-27T15:28:59.199,WHUT,r,/home/liangrd/optical_data/EP260324a/WHUT/EP260324a_20260327_0006_r_wcs.fits,3.350453687402478
EP260324a,61126.64661919088,2026-03-27T15:31:07.898,WHUT,r,/home/liangrd/optical_data/EP260324a/WHUT/EP260324a_20260327_0008_r_wcs.fits,3.351943264948204
EP260324a,61126.64760362809,2026-03-27T15:32:32.953,WHUT,i,/home/liangrd/optical_data/EP260324a/WHUT/EP260324a_20260327_0001_i_wcs.fits,3.3529277021589223
EP260324a,61126.64904395684,2026-03-27T15:34:37.398,WHUT,i,/home/liangrd/optical_data/EP260324a/WHUT/EP260324a_20260327_0002_i_wcs.fits,3.3543680309085175
EP260324a,61126.65048456213,2026-03-27T15:36:41.866,WHUT,i,/home/liangrd/optical_data/EP260324a/WHUT/EP260324a_20260327_0003_i_wcs.fits,3.3558086362027097
EP260324a,61126.65192252632,2026-03-27T15:38:46.106,WHUT,i,/home/liangrd/optical_data/EP260324a/WHUT/EP260324a_20260327_0004_i_wcs.fits,3.3572466003897716
EP260324a,61126.65336450651,2026-03-27T15:40:50.693,WHUT,i,/home/liangrd/optical_data/EP260324a/WHUT/EP260324a_20260327_0005_i_wcs.fits,3.3586885805780184
EP260324a,61126.65487984948,2026-03-27T15:43:01.619,WHUT,i,/home/liangrd/optical_data/EP260324a/WHUT/EP260324a_20260327_0006_i_wcs.fits,3.360203923548397
EP260324a,61126.65562174942,2026-03-27T15:44:05.719,WHUT,i,/home/liangrd/optical_data/EP260324a/WHUT/EP260324a_20260327_0007_i_wcs.fits,3.360945823493239
EP260324a,61127.576124326275,2026-03-28T13:49:37.142,WHUT,g,/home/liangrd/optical_data/EP260324a/WHUT/EP260324a_20260328_0001_g_wcs.fits,4.281448400346562
EP260324a,61127.577561945174,2026-03-28T13:51:41.352,WHUT,g,/home/liangrd/optical_data/EP260324a/WHUT/EP260324a_20260328_0002_g_wcs.fits,4.28288601924578
EP260324a,61127.578998482095,2026-03-28T13:53:45.469,WHUT,g,/home/liangrd/optical_data/EP260324a/WHUT/EP260324a_20260328_0003_g_wcs.fits,4.284322556166444
EP260324a,61127.58043595749,2026-03-28T13:55:49.667,WHUT,g,/home/liangrd/optical_data/EP260324a/WHUT/EP260324a_20260328_0004_g_wcs.fits,4.285760031561949
EP260324a,61127.581871562965,2026-03-28T13:57:53.703,WHUT,g,/home/liangrd/optical_data/EP260324a/WHUT/EP260324a_20260328_0005_g_wcs.fits,4.287195637036348
EP260324a,61127.58338214792,2026-03-28T14:00:04.218,WHUT,g,/home/liangrd/optical_data/EP260324a/WHUT/EP260324a_20260328_0006_g_wcs.fits,4.288706221988832
EP260324a,61127.584124625195,2026-03-28T14:01:08.368,WHUT,g,/home/liangrd/optical_data/EP260324a/WHUT/EP260324a_20260328_0007_g_wcs.fits,4.289448699266359
EP260324a,61127.58486636118,2026-03-28T14:02:12.454,WHUT,g,/home/liangrd/optical_data/EP260324a/WHUT/EP260324a_20260328_0008_g_wcs.fits,4.290190435254772
EP260324a,61127.585855300495,2026-03-28T14:03:37.898,WHUT,r,/home/liangrd/optical_data/EP260324a/WHUT/EP260324a_20260328_0001_r_wcs.fits,4.291179374566127
EP260324a,61127.58729094647,2026-03-28T14:05:41.938,WHUT,r,/home/liangrd/optical_data/EP260324a/WHUT/EP260324a_20260328_0002_r_wcs.fits,4.292615020538506
EP260324a,61127.58872787317,2026-03-28T14:07:46.088,WHUT,r,/home/liangrd/optical_data/EP260324a/WHUT/EP260324a_20260328_0003_r_wcs.fits,4.294051947239495
EP260324a,61127.59016553187,2026-03-28T14:09:50.302,WHUT,r,/home/liangrd/optical_data/EP260324a/WHUT/EP260324a_20260328_0004_r_wcs.fits,4.295489605938201
EP260324a,61127.59160179199,2026-03-28T14:11:54.395,WHUT,r,/home/liangrd/optical_data/EP260324a/WHUT/EP260324a_20260328_0005_r_wcs.fits,4.29692586605961
EP260324a,61127.59310985612,2026-03-28T14:14:04.692,WHUT,r,/home/liangrd/optical_data/EP260324a/WHUT/EP260324a_20260328_0006_r_wcs.fits,4.298433930191095
EP260324a,61127.593850339006,2026-03-28T14:15:08.669,WHUT,r,/home/liangrd/optical_data/EP260324a/WHUT/EP260324a_20260328_0007_r_wcs.fits,4.299174413077708
EP260324a,61127.59459148006,2026-03-28T14:16:12.704,WHUT,r,/home/liangrd/optical_data/EP260324a/WHUT/EP260324a_20260328_0008_r_wcs.fits,4.299915554132895
EP260324a,61127.59701787833,2026-03-28T14:19:42.345,WHUT,i,/home/liangrd/optical_data/EP260324a/WHUT/EP260324a_20260328_0002_i_wcs.fits,4.302341952403367
EP260324a,61127.59845582331,2026-03-28T14:21:46.583,WHUT,i,/home/liangrd/optical_data/EP260324a/WHUT/EP260324a_20260328_0003_i_wcs.fits,4.303779897381901
EP260324a,61127.59989261686,2026-03-28T14:23:50.722,WHUT,i,/home/liangrd/optical_data/EP260324a/WHUT/EP260324a_20260328_0004_i_wcs.fits,4.305216690932866
EP260324a,61127.60133078128,2026-03-28T14:25:54.980,WHUT,i,/home/liangrd/optical_data/EP260324a/WHUT/EP260324a_20260328_0005_i_wcs.fits,4.306654855354282
EP260324a,61127.60284003095,2026-03-28T14:28:05.379,WHUT,i,/home/liangrd/optical_data/EP260324a/WHUT/EP260324a_20260328_0006_i_wcs.fits,4.308164105023025
EP260324a,61127.60358170521,2026-03-28T14:29:09.459,WHUT,i,/home/liangrd/optical_data/EP260324a/WHUT/EP260324a_20260328_0007_i_wcs.fits,4.308905779282213
EP260324a,61127.604322529514,2026-03-28T14:30:13.467,WHUT,i,/home/liangrd/optical_data/EP260324a/WHUT/EP260324a_20260328_0008_i_wcs.fits,4.309646603585861
EP260324a,61128.76840221795,2026-03-29T18:26:29.952,WHUT,g,/home/liangrd/optical_data/EP260324a/WHUT/EP260324a_20260329_0001_g_wcs.fits,5.473726292024367
EP260324a,61128.769845348,2026-03-29T18:28:34.638,WHUT,g,/home/liangrd/optical_data/EP260324a/WHUT/EP260324a_20260329_0002_g_wcs.fits,5.475169422068575
EP260324a,61128.771284367926,2026-03-29T18:30:38.969,WHUT,g,/home/liangrd/optical_data/EP260324a/WHUT/EP260324a_20260329_0003_g_wcs.fits,5.476608441997087
EP260324a,61128.772721319016,2026-03-29T18:32:43.122,WHUT,g,/home/liangrd/optical_data/EP260324a/WHUT/EP260324a_20260329_0004_g_wcs.fits,5.478045393087086
EP260324a,61128.77415902781,2026-03-29T18:34:47.340,WHUT,g,/home/liangrd/optical_data/EP260324a/WHUT/EP260324a_20260329_0005_g_wcs.fits,5.47948310188076
EP260324a,61128.77566903588,2026-03-29T18:36:57.805,WHUT,g,/home/liangrd/optical_data/EP260324a/WHUT/EP260324a_20260329_0006_g_wcs.fits,5.480993109951669
EP260324a,61128.77641245383,2026-03-29T18:38:02.036,WHUT,g,/home/liangrd/optical_data/EP260324a/WHUT/EP260324a_20260329_0007_g_wcs.fits,5.481736527901376
EP260324a,61128.77715711898,2026-03-29T18:39:06.375,WHUT,g,/home/liangrd/optical_data/EP260324a/WHUT/EP260324a_20260329_0008_g_wcs.fits,5.482481193052081
EP260324a,61128.77815273116,2026-03-29T18:40:32.396,WHUT,r,/home/liangrd/optical_data/EP260324a/WHUT/EP260324a_20260329_0001_r_wcs.fits,5.483476805231476
EP260324a,61128.7795922692,2026-03-29T18:42:36.772,WHUT,r,/home/liangrd/optical_data/EP260324a/WHUT/EP260324a_20260329_0002_r_wcs.fits,5.484916343273653
EP260324a,61128.7810349126,2026-03-29T18:44:41.416,WHUT,r,/home/liangrd/optical_data/EP260324a/WHUT/EP260324a_20260329_0003_r_wcs.fits,5.4863589866727125
EP260324a,61128.782474360196,2026-03-29T18:46:45.785,WHUT,r,/home/liangrd/optical_data/EP260324a/WHUT/EP260324a_20260329_0004_r_wcs.fits,5.487798434267461
EP260324a,61128.78391698119,2026-03-29T18:48:50.427,WHUT,r,/home/liangrd/optical_data/EP260324a/WHUT/EP260324a_20260329_0005_r_wcs.fits,5.489241055263847
EP260324a,61128.785429904376,2026-03-29T18:51:01.144,WHUT,r,/home/liangrd/optical_data/EP260324a/WHUT/EP260324a_20260329_0006_r_wcs.fits,5.490753978447174
EP260324a,61128.78617308639,2026-03-29T18:52:05.355,WHUT,r,/home/liangrd/optical_data/EP260324a/WHUT/EP260324a_20260329_0007_r_wcs.fits,5.491497160459403
EP260324a,61128.78691769882,2026-03-29T18:53:09.689,WHUT,r,/home/liangrd/optical_data/EP260324a/WHUT/EP260324a_20260329_0008_r_wcs.fits,5.492241772888519
EP260324a,61128.78791037109,2026-03-29T18:54:35.456,WHUT,i,/home/liangrd/optical_data/EP260324a/WHUT/EP260324a_20260329_0001_i_wcs.fits,5.4932344451590325
EP260324a,61128.78935085618,2026-03-29T18:56:39.914,WHUT,i,/home/liangrd/optical_data/EP260324a/WHUT/EP260324a_20260329_0002_i_wcs.fits,5.494674930254405
EP260324a,61128.790787265425,2026-03-29T18:58:44.020,WHUT,i,/home/liangrd/optical_data/EP260324a/WHUT/EP260324a_20260329_0003_i_wcs.fits,5.496111339496565
EP260324a,61128.79222833523,2026-03-29T19:00:48.528,WHUT,i,/home/liangrd/optical_data/EP260324a/WHUT/EP260324a_20260329_0004_i_wcs.fits,5.497552409302443
EP260324a,61128.7936681517,2026-03-29T19:02:52.928,WHUT,i,/home/liangrd/optical_data/EP260324a/WHUT/EP260324a_20260329_0005_i_wcs.fits,5.498992225773691
EP260324a,61128.79518427734,2026-03-29T19:05:03.922,WHUT,i,/home/liangrd/optical_data/EP260324a/WHUT/EP260324a_20260329_0006_i_wcs.fits,5.500508351411554
EP260324a,61128.795928603475,2026-03-29T19:06:08.231,WHUT,i,/home/liangrd/optical_data/EP260324a/WHUT/EP260324a_20260329_0007_i_wcs.fits,5.50125267754629
EP260324a,61128.79667308536,2026-03-29T19:07:12.555,WHUT,i,/home/liangrd/optical_data/EP260324a/WHUT/EP260324a_20260329_0008_i_wcs.fits,5.501997159430175
EP260324a,61129.61332064203,2026-03-30T14:43:10.903,WHUT,g,/home/liangrd/optical_data/EP260324a/WHUT/EP260324a_20260330_0001_g_wcs.fits,6.318644716098788
EP260324a,61129.61500890949,2026-03-30T14:45:36.770,WHUT,r,/home/liangrd/optical_data/EP260324a/WHUT/EP260324a_20260330_0001_r_wcs.fits,6.320332983559638
EP260324a,61129.61669526071,2026-03-30T14:48:02.471,WHUT,i,/home/liangrd/optical_data/EP260324a/WHUT/EP260324a_20260330_0001_i_wcs.fits,6.322019334780634
EP260321a,61132.709600794835,2026-04-02T17:01:49.509,WHUT,g,/home/liangrd/optical_data/EP260321a/WHUT/EP260321a_20260402_0001_g_wcs.fits,12.18855912816798
EP260321a,61132.71103703455,2026-04-02T17:03:53.600,WHUT,g,/home/liangrd/optical_data/EP260321a/WHUT/EP260321a_20260402_0002_g_wcs.fits,12.189995367880329
EP260321a,61132.7124762569,2026-04-02T17:05:57.949,WHUT,g,/home/liangrd/optical_data/EP260321a/WHUT/EP260321a_20260402_0003_g_wcs.fits,12.191434590233257
EP260321a,61132.71391352781,2026-04-02T17:08:02.129,WHUT,g,/home/liangrd/optical_data/EP260321a/WHUT/EP260321a_20260402_0004_g_wcs.fits,12.19287186114525
EP260321a,61132.71535000386,2026-04-02T17:10:06.240,WHUT,g,/home/liangrd/optical_data/EP260321a/WHUT/EP260321a_20260402_0005_g_wcs.fits,12.194308337195253
EP260321a,61132.717032396096,2026-04-02T17:12:31.599,WHUT,r,/home/liangrd/optical_data/EP260321a/WHUT/EP260321a_20260402_0001_r_wcs.fits,12.195990729429468
EP260321a,61132.71847067319,2026-04-02T17:14:35.866,WHUT,r,/home/liangrd/optical_data/EP260321a/WHUT/EP260321a_20260402_0002_r_wcs.fits,12.197429006526363
EP260321a,61132.7199068411,2026-04-02T17:16:39.951,WHUT,r,/home/liangrd/optical_data/EP260321a/WHUT/EP260321a_20260402_0003_r_wcs.fits,12.198865174432285
EP260321a,61132.72134447743,2026-04-02T17:18:44.163,WHUT,r,/home/liangrd/optical_data/EP260321a/WHUT/EP260321a_20260402_0004_r_wcs.fits,12.200302810764697
EP260321a,61132.72278333257,2026-04-02T17:20:48.480,WHUT,r,/home/liangrd/optical_data/EP260321a/WHUT/EP260321a_20260402_0005_r_wcs.fits,12.201741665900045
EP260321a,61132.72447008015,2026-04-02T17:23:14.215,WHUT,i,/home/liangrd/optical_data/EP260321a/WHUT/EP260321a_20260402_0001_i_wcs.fits,12.203428413486108
EP260321a,61132.7259064715,2026-04-02T17:25:18.319,WHUT,i,/home/liangrd/optical_data/EP260321a/WHUT/EP260321a_20260402_0002_i_wcs.fits,12.204864804836689
EP260321a,61132.72734335318,2026-04-02T17:27:22.466,WHUT,i,/home/liangrd/optical_data/EP260321a/WHUT/EP260321a_20260402_0003_i_wcs.fits,12.206301686514053
EP260321a,61132.728782487524,2026-04-02T17:29:26.807,WHUT,i,/home/liangrd/optical_data/EP260321a/WHUT/EP260321a_20260402_0004_i_wcs.fits,12.207740820856998
EP260321a,61132.73021924183,2026-04-02T17:31:30.942,WHUT,i,/home/liangrd/optical_data/EP260321a/WHUT/EP260321a_20260402_0005_i_wcs.fits,12.209177575161448
EP260324a,61132.73453008322,2026-04-02T17:37:43.399,WHUT,g,/home/liangrd/optical_data/EP260324a/WHUT/EP260324a_20260402_0001_g_wcs.fits,9.43985415728821
EP260324a,61132.736206112786,2026-04-02T17:40:08.208,WHUT,r,/home/liangrd/optical_data/EP260324a/WHUT/EP260324a_20260402_0001_r_wcs.fits,9.441530186857563
EP260324a,61132.737890257966,2026-04-02T17:42:33.718,WHUT,i,/home/liangrd/optical_data/EP260324a/WHUT/EP260324a_20260402_0001_i_wcs.fits,9.443214332037314
EP260321a,61134.716970426365,2026-04-04T17:12:26.245,WHUT,g,/home/liangrd/optical_data/EP260321a/WHUT/EP260321a_20260404_0001_g_wcs.fits,14.19592875969829
EP260321a,61134.71840680768,2026-04-04T17:14:30.348,WHUT,g,/home/liangrd/optical_data/EP260321a/WHUT/EP260321a_20260404_0002_g_wcs.fits,14.197365141015325
EP260321a,61134.71984649078,2026-04-04T17:16:34.737,WHUT,g,/home/liangrd/optical_data/EP260321a/WHUT/EP260321a_20260404_0003_g_wcs.fits,14.198804824110994
EP260321a,61134.72128354756,2026-04-04T17:18:38.899,WHUT,g,/home/liangrd/optical_data/EP260321a/WHUT/EP260321a_20260404_0004_g_wcs.fits,14.200241880891554
EP260321a,61134.72272390676,2026-04-04T17:20:43.346,WHUT,g,/home/liangrd/optical_data/EP260321a/WHUT/EP260321a_20260404_0005_g_wcs.fits,14.201682240091031
EP260321a,61134.724410698196,2026-04-04T17:23:09.084,WHUT,r,/home/liangrd/optical_data/EP260321a/WHUT/EP260321a_20260404_0001_r_wcs.fits,14.203369031529292
EP260321a,61134.72584867627,2026-04-04T17:25:13.326,WHUT,r,/home/liangrd/optical_data/EP260321a/WHUT/EP260321a_20260404_0002_r_wcs.fits,14.204807009606156
EP260321a,61134.72728581992,2026-04-04T17:27:17.495,WHUT,r,/home/liangrd/optical_data/EP260321a/WHUT/EP260321a_20260404_0003_r_wcs.fits,14.206244153254374
EP260321a,61134.72872419376,2026-04-04T17:29:21.770,WHUT,r,/home/liangrd/optical_data/EP260321a/WHUT/EP260321a_20260404_0004_r_wcs.fits,14.207682527092402
EP260321a,61134.7301633386,2026-04-04T17:31:26.112,WHUT,r,/home/liangrd/optical_data/EP260321a/WHUT/EP260321a_20260404_0005_r_wcs.fits,14.209121671934554
EP260321a,61134.731848587224,2026-04-04T17:33:51.718,WHUT,i,/home/liangrd/optical_data/EP260321a/WHUT/EP260321a_20260404_0001_i_wcs.fits,14.210806920556934
EP260321a,61134.73328677433,2026-04-04T17:35:55.977,WHUT,i,/home/liangrd/optical_data/EP260321a/WHUT/EP260321a_20260404_0002_i_wcs.fits,14.212245107664785
EP260321a,61134.73472443189,2026-04-04T17:38:00.191,WHUT,i,/home/liangrd/optical_data/EP260321a/WHUT/EP260321a_20260404_0003_i_wcs.fits,14.213682765221165
EP260321a,61134.73616251323,2026-04-04T17:40:04.441,WHUT,i,/home/liangrd/optical_data/EP260321a/WHUT/EP260321a_20260404_0004_i_wcs.fits,14.215120846565696
EP260321a,61134.73760112882,2026-04-04T17:42:08.738,WHUT,i,/home/liangrd/optical_data/EP260321a/WHUT/EP260321a_20260404_0005_i_wcs.fits,14.216559462154692
EP260324a,61134.74190492908,2026-04-04T17:48:20.586,WHUT,g,/home/liangrd/optical_data/EP260324a/WHUT/EP260324a_20260404_0001_g_wcs.fits,11.447229003148095
EP260324a,61134.743588404956,2026-04-04T17:50:46.038,WHUT,r,/home/liangrd/optical_data/EP260324a/WHUT/EP260324a_20260404_0001_r_wcs.fits,11.448912479027058
EP260324a,61134.745273217624,2026-04-04T17:53:11.606,WHUT,i,/home/liangrd/optical_data/EP260324a/WHUT/EP260324a_20260404_0001_i_wcs.fits,11.450597291695885
EP260321a,61135.65206971121,2026-04-05T15:38:58.823,WHUT,g,/home/liangrd/optical_data/EP260321a/WHUT/EP260321a_20260405_0001_g_wcs.fits,15.131028044539562
EP260321a,61135.65350891617,2026-04-05T15:41:03.170,WHUT,g,/home/liangrd/optical_data/EP260321a/WHUT/EP260321a_20260405_0002_g_wcs.fits,15.132467249502952
EP260321a,61135.6549477289,2026-04-05T15:43:07.484,WHUT,g,/home/liangrd/optical_data/EP260321a/WHUT/EP260321a_20260405_0003_g_wcs.fits,15.133906062234018
EP260321a,61135.656385405855,2026-04-05T15:45:11.699,WHUT,g,/home/liangrd/optical_data/EP260321a/WHUT/EP260321a_20260405_0004_g_wcs.fits,15.135343739188102
EP260321a,61135.657824525995,2026-04-05T15:47:16.039,WHUT,g,/home/liangrd/optical_data/EP260321a/WHUT/EP260321a_20260405_0005_g_wcs.fits,15.136782859328378
EP260321a,61135.659511660466,2026-04-05T15:49:41.807,WHUT,r,/home/liangrd/optical_data/EP260321a/WHUT/EP260321a_20260405_0001_r_wcs.fits,15.138469993798935
EP260321a,61135.66094923325,2026-04-05T15:51:46.014,WHUT,r,/home/liangrd/optical_data/EP260321a/WHUT/EP260321a_20260405_0002_r_wcs.fits,15.139907566583133
EP260321a,61135.662384833,2026-04-05T15:53:50.050,WHUT,r,/home/liangrd/optical_data/EP260321a/WHUT/EP260321a_20260405_0003_r_wcs.fits,15.141343166331353
EP260321a,61135.663823551804,2026-04-05T15:55:54.355,WHUT,r,/home/liangrd/optical_data/EP260321a/WHUT/EP260321a_20260405_0004_r_wcs.fits,15.142781885137083
EP260321a,61135.66525967668,2026-04-05T15:57:58.436,WHUT,r,/home/liangrd/optical_data/EP260321a/WHUT/EP260321a_20260405_0005_r_wcs.fits,15.144218010012992
EP260321a,61135.666945299316,2026-04-05T16:00:24.074,WHUT,i,/home/liangrd/optical_data/EP260321a/WHUT/EP260321a_20260405_0001_i_wcs.fits,15.145903632648697
EP260321a,61135.668381926596,2026-04-05T16:02:28.198,WHUT,i,/home/liangrd/optical_data/EP260321a/WHUT/EP260321a_20260405_0002_i_wcs.fits,15.147340259929479
EP260321a,61135.669818897964,2026-04-05T16:04:32.353,WHUT,i,/home/liangrd/optical_data/EP260321a/WHUT/EP260321a_20260405_0003_i_wcs.fits,15.148777231297572
EP260321a,61135.671258076865,2026-04-05T16:06:36.698,WHUT,i,/home/liangrd/optical_data/EP260321a/WHUT/EP260321a_20260405_0004_i_wcs.fits,15.150216410198482
EP260321a,61135.672697585105,2026-04-05T16:08:41.071,WHUT,i,/home/liangrd/optical_data/EP260321a/WHUT/EP260321a_20260405_0005_i_wcs.fits,15.151655918438337
EP260324a,61135.677049774655,2026-04-05T16:14:57.101,WHUT,g,/home/liangrd/optical_data/EP260324a/WHUT/EP260324a_20260405_0001_g_wcs.fits,12.382373848726274
EP260324a,61135.678733693494,2026-04-05T16:17:22.591,WHUT,r,/home/liangrd/optical_data/EP260324a/WHUT/EP260324a_20260405_0001_r_wcs.fits,12.384057767565537
EP260324a,61135.68042004603,2026-04-05T16:19:48.292,WHUT,i,/home/liangrd/optical_data/EP260324a/WHUT/EP260324a_20260405_0001_i_wcs.fits,12.385744120103482
EP260131a,61136.0,2026-04-06T00:00:00.000,SALT,S,/home/liangrd/optical_data/EP260131a/SALT/EP260131a_SALT_260407_i_.fits,64.8531828703708
EP260131a,61136.0,2026-04-06T00:00:00.000,SALT,S,/home/liangrd/optical_data/EP260131a/SALT/EP260131a_SALT_260407_r_.fits,64.8531828703708
EP260131a,61136.0,2026-04-06T00:00:00.000,SALT,S,/home/liangrd/optical_data/EP260131a/SALT/EP260131a_SALT_260406_i_.fits,64.8531828703708
EP260131a,61136.0,2026-04-06T00:00:00.000,SALT,S,/home/liangrd/optical_data/EP260131a/SALT/EP260131a_SALT_260406_r_.fits,64.8531828703708
EP260321a,61136.63782062788,2026-04-06T15:18:27.702,WHUT,g,/home/liangrd/optical_data/EP260321a/WHUT/EP260321a_20260406_0001_g_wcs.fits,16.11677896121546
EP260321a,61136.63925894095,2026-04-06T15:20:31.972,WHUT,g,/home/liangrd/optical_data/EP260321a/WHUT/EP260321a_20260406_0002_g_wcs.fits,16.11821727428469
EP260321a,61136.640698472,2026-04-06T15:22:36.348,WHUT,g,/home/liangrd/optical_data/EP260321a/WHUT/EP260321a_20260406_0003_g_wcs.fits,16.11965680533467
EP260321a,61136.64213591585,2026-04-06T15:24:40.543,WHUT,g,/home/liangrd/optical_data/EP260321a/WHUT/EP260321a_20260406_0004_g_wcs.fits,16.121094249181624
EP260321a,61136.64525833268,2026-04-06T15:29:10.320,WHUT,r,/home/liangrd/optical_data/EP260321a/WHUT/EP260321a_20260406_0001_r_wcs.fits,16.124216666015855
EP260321a,61136.64669599123,2026-04-06T15:31:14.534,WHUT,r,/home/liangrd/optical_data/EP260321a/WHUT/EP260321a_20260406_0002_r_wcs.fits,16.125654324561765
EP260321a,61136.64813668145,2026-04-06T15:33:19.009,WHUT,r,/home/liangrd/optical_data/EP260321a/WHUT/EP260321a_20260406_0003_r_wcs.fits,16.127095014780934
EP260321a,61136.64957347206,2026-04-06T15:35:23.148,WHUT,r,/home/liangrd/optical_data/EP260321a/WHUT/EP260321a_20260406_0004_r_wcs.fits,16.128531805392413
EP260321a,61136.65101067884,2026-04-06T15:37:27.323,WHUT,r,/home/liangrd/optical_data/EP260321a/WHUT/EP260321a_20260406_0005_r_wcs.fits,16.129969012174115
EP260321a,61136.65270103039,2026-04-06T15:39:53.369,WHUT,i,/home/liangrd/optical_data/EP260321a/WHUT/EP260321a_20260406_0001_i_wcs.fits,16.131659363723884
EP260321a,61136.65413823415,2026-04-06T15:41:57.543,WHUT,i,/home/liangrd/optical_data/EP260321a/WHUT/EP260321a_20260406_0002_i_wcs.fits,16.133096567486064
EP260321a,61136.65557635135,2026-04-06T15:44:01.797,WHUT,i,/home/liangrd/optical_data/EP260321a/WHUT/EP260321a_20260406_0003_i_wcs.fits,16.134534684686514
EP260321a,61136.657015952616,2026-04-06T15:46:06.178,WHUT,i,/home/liangrd/optical_data/EP260321a/WHUT/EP260321a_20260406_0004_i_wcs.fits,16.135974285949487
EP260321a,61136.658455011086,2026-04-06T15:48:10.513,WHUT,i,/home/liangrd/optical_data/EP260321a/WHUT/EP260321a_20260406_0005_i_wcs.fits,16.137413344418746
EP260324a,61136.66757953875,2026-04-06T16:01:18.872,WHUT,r,/home/liangrd/optical_data/EP260324a/WHUT/EP260324a_20260406_0001_r_wcs.fits,13.372903612820664
EP260321a,61137.60997371794,2026-04-07T14:38:21.729,WHUT,g,/home/liangrd/optical_data/EP260321a/WHUT/EP260321a_20260407_0001_g_wcs.fits,17.088932051272423
EP260321a,61137.61141473275,2026-04-07T14:40:26.233,WHUT,g,/home/liangrd/optical_data/EP260321a/WHUT/EP260321a_20260407_0002_g_wcs.fits,17.090373066086613
EP260321a,61137.612852677856,2026-04-07T14:42:30.471,WHUT,g,/home/liangrd/optical_data/EP260321a/WHUT/EP260321a_20260407_0003_g_wcs.fits,17.091811011188838
EP260321a,61137.61429028435,2026-04-07T14:44:34.681,WHUT,g,/home/liangrd/optical_data/EP260321a/WHUT/EP260321a_20260407_0004_g_wcs.fits,17.093248617682548
EP260321a,61137.615728348865,2026-04-07T14:46:38.929,WHUT,g,/home/liangrd/optical_data/EP260321a/WHUT/EP260321a_20260407_0005_g_wcs.fits,17.09468668219779
EP260321a,61137.61741444404,2026-04-07T14:49:04.608,WHUT,r,/home/liangrd/optical_data/EP260321a/WHUT/EP260321a_20260407_0001_r_wcs.fits,17.09637277737056
EP260321a,61137.618853381624,2026-04-07T14:51:08.932,WHUT,r,/home/liangrd/optical_data/EP260321a/WHUT/EP260321a_20260407_0002_r_wcs.fits,17.09781171495706
EP260321a,61137.62029426875,2026-04-07T14:53:13.425,WHUT,r,/home/liangrd/optical_data/EP260321a/WHUT/EP260321a_20260407_0003_r_wcs.fits,17.09925260208547
EP260321a,61137.621734338216,2026-04-07T14:55:17.847,WHUT,r,/home/liangrd/optical_data/EP260321a/WHUT/EP260321a_20260407_0004_r_wcs.fits,17.10069267154904
EP260321a,61137.62317378548,2026-04-07T14:57:22.215,WHUT,r,/home/liangrd/optical_data/EP260321a/WHUT/EP260321a_20260407_0005_r_wcs.fits,17.10213211881637
EP260321a,61137.62485668693,2026-04-07T14:59:47.618,WHUT,i,/home/liangrd/optical_data/EP260321a/WHUT/EP260321a_20260407_0001_i_wcs.fits,17.103815020265756
EP260321a,61137.626294989015,2026-04-07T15:01:51.887,WHUT,i,/home/liangrd/optical_data/EP260321a/WHUT/EP260321a_20260407_0002_i_wcs.fits,17.10525332234829
EP260321a,61137.62773452024,2026-04-07T15:03:56.263,WHUT,i,/home/liangrd/optical_data/EP260321a/WHUT/EP260321a_20260407_0003_i_wcs.fits,17.106692853572895
EP260321a,61137.62917230529,2026-04-07T15:06:00.487,WHUT,i,/home/liangrd/optical_data/EP260321a/WHUT/EP260321a_20260407_0004_i_wcs.fits,17.10813063862588
EP260321a,61137.630614201065,2026-04-07T15:08:05.067,WHUT,i,/home/liangrd/optical_data/EP260321a/WHUT/EP260321a_20260407_0005_i_wcs.fits,17.109572534398467
EP260321a,61138.61547706846,2026-04-08T14:46:17.219,WHUT,g,/home/liangrd/optical_data/EP260321a/WHUT/EP260321a_20260408_0001_g_wcs.fits,18.094435401791998
EP260321a,61138.616915709514,2026-04-08T14:48:21.517,WHUT,g,/home/liangrd/optical_data/EP260321a/WHUT/EP260321a_20260408_0002_g_wcs.fits,18.095874042846845
EP260321a,61138.618353871585,2026-04-08T14:50:25.775,WHUT,g,/home/liangrd/optical_data/EP260321a/WHUT/EP260321a_20260408_0003_g_wcs.fits,18.097312204918126
EP260321a,61138.6197933595,2026-04-08T14:52:30.146,WHUT,g,/home/liangrd/optical_data/EP260321a/WHUT/EP260321a_20260408_0004_g_wcs.fits,18.09875169283623
EP260321a,61138.62123292362,2026-04-08T14:54:34.525,WHUT,g,/home/liangrd/optical_data/EP260321a/WHUT/EP260321a_20260408_0005_g_wcs.fits,18.10019125695544
EP260321a,61138.622918056644,2026-04-08T14:57:00.120,WHUT,r,/home/liangrd/optical_data/EP260321a/WHUT/EP260321a_20260408_0001_r_wcs.fits,18.101876389977406
EP260321a,61138.624355314074,2026-04-08T14:59:04.299,WHUT,r,/home/liangrd/optical_data/EP260321a/WHUT/EP260321a_20260408_0002_r_wcs.fits,18.10331364740705
EP260321a,61138.62579438574,2026-04-08T15:01:08.635,WHUT,r,/home/liangrd/optical_data/EP260321a/WHUT/EP260321a_20260408_0003_r_wcs.fits,18.104752719074895
EP260321a,61138.627232561725,2026-04-08T15:03:12.893,WHUT,r,/home/liangrd/optical_data/EP260321a/WHUT/EP260321a_20260408_0004_r_wcs.fits,18.106190895057807
EP260321a,61138.62867101011,2026-04-08T15:05:17.175,WHUT,r,/home/liangrd/optical_data/EP260321a/WHUT/EP260321a_20260408_0005_r_wcs.fits,18.107629343445296
EP260321a,61138.630357182396,2026-04-08T15:07:42.861,WHUT,i,/home/liangrd/optical_data/EP260321a/WHUT/EP260321a_20260408_0001_i_wcs.fits,18.109315515728667
EP260321a,61138.63179369244,2026-04-08T15:09:46.975,WHUT,i,/home/liangrd/optical_data/EP260321a/WHUT/EP260321a_20260408_0002_i_wcs.fits,18.110752025771944
EP260321a,61138.63323412518,2026-04-08T15:11:51.428,WHUT,i,/home/liangrd/optical_data/EP260321a/WHUT/EP260321a_20260408_0003_i_wcs.fits,18.112192458509526
EP260321a,61138.63467099068,2026-04-08T15:13:55.574,WHUT,i,/home/liangrd/optical_data/EP260321a/WHUT/EP260321a_20260408_0004_i_wcs.fits,18.113629324012436
EP260321a,61138.636106614314,2026-04-08T15:15:59.611,WHUT,i,/home/liangrd/optical_data/EP260321a/WHUT/EP260321a_20260408_0005_i_wcs.fits,18.115064947647625
EP260402a,61150.6896412037,2026-04-20T16:33:05.000,sitian,g,/home/liangrd/optical_data/EP260402a/sitian/2026-04-20_EP260402a_g_com_11.wcs.fits,18.25166666666337
